id	class	method	parent	flags	annotations	visibility	non-primitive-return	path
1	com.squareup.picasso3.DeferredRequestCreator	DeferredRequestCreator(com.squareup.picasso3.RequestCreator,android.widget.ImageView,com.squareup.picasso3.Callback)	0	[false, false, false]		package	false	/home/nima/Developer/nullness-benchmarks/picasso/picasso/src/main/java/com/squareup/picasso3/DeferredRequestCreator.java
2	com.squareup.picasso3.DeferredRequestCreator	onViewAttachedToWindow(android.view.View)	3	[false]	java.lang.Override	public	false	/home/nima/Developer/nullness-benchmarks/picasso/picasso/src/main/java/com/squareup/picasso3/DeferredRequestCreator.java
4	com.squareup.picasso3.DeferredRequestCreator	onViewDetachedFromWindow(android.view.View)	5	[false]	java.lang.Override	public	false	/home/nima/Developer/nullness-benchmarks/picasso/picasso/src/main/java/com/squareup/picasso3/DeferredRequestCreator.java
6	com.squareup.picasso3.DeferredRequestCreator	onPreDraw()	7	[]	java.lang.Override	public	false	/home/nima/Developer/nullness-benchmarks/picasso/picasso/src/main/java/com/squareup/picasso3/DeferredRequestCreator.java
8	com.squareup.picasso3.DeferredRequestCreator	cancel()	0	[]		package	false	/home/nima/Developer/nullness-benchmarks/picasso/picasso/src/main/java/com/squareup/picasso3/DeferredRequestCreator.java
9	com.squareup.picasso3.DeferredRequestCreator	getTag()	0	[]		package	true	/home/nima/Developer/nullness-benchmarks/picasso/picasso/src/main/java/com/squareup/picasso3/DeferredRequestCreator.java
10	com.squareup.picasso3.RemoteViewsAction	RemoteViewsAction(com.squareup.picasso3.Picasso,com.squareup.picasso3.Request,com.squareup.picasso3.Target,com.squareup.picasso3.Callback)	0	[false, false, false, false]		package	false	/home/nima/Developer/nullness-benchmarks/picasso/picasso/src/main/java/com/squareup/picasso3/RemoteViewsAction.java
11	com.squareup.picasso3.RemoteViewsAction	complete(com.squareup.picasso3.RequestHandler.Result)	12	[false]	java.lang.Override	package	false	/home/nima/Developer/nullness-benchmarks/picasso/picasso/src/main/java/com/squareup/picasso3/RemoteViewsAction.java
13	com.squareup.picasso3.RemoteViewsAction	cancel()	14	[]	java.lang.Override	package	false	/home/nima/Developer/nullness-benchmarks/picasso/picasso/src/main/java/com/squareup/picasso3/RemoteViewsAction.java
15	com.squareup.picasso3.RemoteViewsAction	error(java.lang.Exception)	16	[false]	java.lang.Override	public	false	/home/nima/Developer/nullness-benchmarks/picasso/picasso/src/main/java/com/squareup/picasso3/RemoteViewsAction.java
17	com.squareup.picasso3.RemoteViewsAction	getTarget()	18	[]	java.lang.Override	package	true	/home/nima/Developer/nullness-benchmarks/picasso/picasso/src/main/java/com/squareup/picasso3/RemoteViewsAction.java
19	com.squareup.picasso3.RemoteViewsAction	setImageResource(int)	0	[false]		package	false	/home/nima/Developer/nullness-benchmarks/picasso/picasso/src/main/java/com/squareup/picasso3/RemoteViewsAction.java
20	com.squareup.picasso3.RemoteViewsAction	update()	0	[]		package	false	/home/nima/Developer/nullness-benchmarks/picasso/picasso/src/main/java/com/squareup/picasso3/RemoteViewsAction.java
21	com.squareup.picasso3.RemoteViewsAction$RemoteViewsTarget	RemoteViewsTarget(android.widget.RemoteViews,int)	0	[false, false]		package	false	/home/nima/Developer/nullness-benchmarks/picasso/picasso/src/main/java/com/squareup/picasso3/RemoteViewsAction.java
22	com.squareup.picasso3.RemoteViewsAction$RemoteViewsTarget	equals(java.lang.Object)	23	[false]	java.lang.Override	public	false	/home/nima/Developer/nullness-benchmarks/picasso/picasso/src/main/java/com/squareup/picasso3/RemoteViewsAction.java
24	com.squareup.picasso3.RemoteViewsAction$RemoteViewsTarget	hashCode()	25	[]	java.lang.Override	public	false	/home/nima/Developer/nullness-benchmarks/picasso/picasso/src/main/java/com/squareup/picasso3/RemoteViewsAction.java
26	com.squareup.picasso3.RemoteViewsAction$AppWidgetAction	AppWidgetAction(com.squareup.picasso3.Picasso,com.squareup.picasso3.Request,com.squareup.picasso3.Target,int[],com.squareup.picasso3.Callback)	0	[false, false, false, false, false]		package	false	/home/nima/Developer/nullness-benchmarks/picasso/picasso/src/main/java/com/squareup/picasso3/RemoteViewsAction.java
27	com.squareup.picasso3.RemoteViewsAction$AppWidgetAction	update()	20	[]	java.lang.Override	package	false	/home/nima/Developer/nullness-benchmarks/picasso/picasso/src/main/java/com/squareup/picasso3/RemoteViewsAction.java
28	com.squareup.picasso3.RemoteViewsAction$NotificationAction	NotificationAction(com.squareup.picasso3.Picasso,com.squareup.picasso3.Request,com.squareup.picasso3.Target,int,android.app.Notification,java.lang.String,com.squareup.picasso3.Callback)	0	[false, false, false, false, false, false, false]		package	false	/home/nima/Developer/nullness-benchmarks/picasso/picasso/src/main/java/com/squareup/picasso3/RemoteViewsAction.java
29	com.squareup.picasso3.RemoteViewsAction$NotificationAction	update()	20	[]	java.lang.Override	package	false	/home/nima/Developer/nullness-benchmarks/picasso/picasso/src/main/java/com/squareup/picasso3/RemoteViewsAction.java
30	com.squareup.picasso3.Action	Action(com.squareup.picasso3.Picasso,com.squareup.picasso3.Target,com.squareup.picasso3.Request)	0	[false, false, false]		package	false	/home/nima/Developer/nullness-benchmarks/picasso/picasso/src/main/java/com/squareup/picasso3/Action.java
12	com.squareup.picasso3.Action	complete(com.squareup.picasso3.RequestHandler.Result)	0	[false]		package	false	/home/nima/Developer/nullness-benchmarks/picasso/picasso/src/main/java/com/squareup/picasso3/Action.java
16	com.squareup.picasso3.Action	error(java.lang.Exception)	0	[false]		package	false	/home/nima/Developer/nullness-benchmarks/picasso/picasso/src/main/java/com/squareup/picasso3/Action.java
14	com.squareup.picasso3.Action	cancel()	0	[]		package	false	/home/nima/Developer/nullness-benchmarks/picasso/picasso/src/main/java/com/squareup/picasso3/Action.java
31	com.squareup.picasso3.Action	getRequest()	0	[]		package	true	/home/nima/Developer/nullness-benchmarks/picasso/picasso/src/main/java/com/squareup/picasso3/Action.java
18	com.squareup.picasso3.Action	getTarget()	0	[]		package	true	/home/nima/Developer/nullness-benchmarks/picasso/picasso/src/main/java/com/squareup/picasso3/Action.java
32	com.squareup.picasso3.Action	getKey()	0	[]		package	true	/home/nima/Developer/nullness-benchmarks/picasso/picasso/src/main/java/com/squareup/picasso3/Action.java
33	com.squareup.picasso3.Action	isCancelled()	0	[]		package	false	/home/nima/Developer/nullness-benchmarks/picasso/picasso/src/main/java/com/squareup/picasso3/Action.java
34	com.squareup.picasso3.Action	willReplay()	0	[]		package	false	/home/nima/Developer/nullness-benchmarks/picasso/picasso/src/main/java/com/squareup/picasso3/Action.java
35	com.squareup.picasso3.Action	getPicasso()	0	[]		package	true	/home/nima/Developer/nullness-benchmarks/picasso/picasso/src/main/java/com/squareup/picasso3/Action.java
36	com.squareup.picasso3.Action	getPriority()	0	[]		package	true	/home/nima/Developer/nullness-benchmarks/picasso/picasso/src/main/java/com/squareup/picasso3/Action.java
37	com.squareup.picasso3.Action	getTag()	0	[]		package	true	/home/nima/Developer/nullness-benchmarks/picasso/picasso/src/main/java/com/squareup/picasso3/Action.java
38	com.squareup.picasso3.MemoryPolicy	shouldReadFromMemoryCache(int)	0	[false]		package	false	/home/nima/Developer/nullness-benchmarks/picasso/picasso/src/main/java/com/squareup/picasso3/MemoryPolicy.java
39	com.squareup.picasso3.MemoryPolicy	shouldWriteToMemoryCache(int)	0	[false]		package	false	/home/nima/Developer/nullness-benchmarks/picasso/picasso/src/main/java/com/squareup/picasso3/MemoryPolicy.java
40	com.squareup.picasso3.MemoryPolicy	MemoryPolicy(int)	0	[false]		private	false	/home/nima/Developer/nullness-benchmarks/picasso/picasso/src/main/java/com/squareup/picasso3/MemoryPolicy.java
41	com.squareup.picasso3.Dispatcher	Dispatcher(android.content.Context,java.util.concurrent.ExecutorService,android.os.Handler,com.squareup.picasso3.PlatformLruCache,com.squareup.picasso3.Stats)	0	[false, false, false, false, false]		package	false	/home/nima/Developer/nullness-benchmarks/picasso/picasso/src/main/java/com/squareup/picasso3/Dispatcher.java
42	com.squareup.picasso3.Dispatcher	shutdown()	0	[]		package	false	/home/nima/Developer/nullness-benchmarks/picasso/picasso/src/main/java/com/squareup/picasso3/Dispatcher.java
43	com.squareup.picasso3.Dispatcher$1	run()	44	[]	java.lang.Override	public	false	/home/nima/Developer/nullness-benchmarks/picasso/picasso/src/main/java/com/squareup/picasso3/Dispatcher.java
45	com.squareup.picasso3.Dispatcher	dispatchSubmit(com.squareup.picasso3.Action)	0	[false]		package	false	/home/nima/Developer/nullness-benchmarks/picasso/picasso/src/main/java/com/squareup/picasso3/Dispatcher.java
46	com.squareup.picasso3.Dispatcher	dispatchCancel(com.squareup.picasso3.Action)	0	[false]		package	false	/home/nima/Developer/nullness-benchmarks/picasso/picasso/src/main/java/com/squareup/picasso3/Dispatcher.java
47	com.squareup.picasso3.Dispatcher	dispatchPauseTag(java.lang.Object)	0	[false]		package	false	/home/nima/Developer/nullness-benchmarks/picasso/picasso/src/main/java/com/squareup/picasso3/Dispatcher.java
48	com.squareup.picasso3.Dispatcher	dispatchResumeTag(java.lang.Object)	0	[false]		package	false	/home/nima/Developer/nullness-benchmarks/picasso/picasso/src/main/java/com/squareup/picasso3/Dispatcher.java
49	com.squareup.picasso3.Dispatcher	dispatchComplete(com.squareup.picasso3.BitmapHunter)	0	[false]		package	false	/home/nima/Developer/nullness-benchmarks/picasso/picasso/src/main/java/com/squareup/picasso3/Dispatcher.java
50	com.squareup.picasso3.Dispatcher	dispatchRetry(com.squareup.picasso3.BitmapHunter)	0	[false]		package	false	/home/nima/Developer/nullness-benchmarks/picasso/picasso/src/main/java/com/squareup/picasso3/Dispatcher.java
51	com.squareup.picasso3.Dispatcher	dispatchFailed(com.squareup.picasso3.BitmapHunter)	0	[false]		package	false	/home/nima/Developer/nullness-benchmarks/picasso/picasso/src/main/java/com/squareup/picasso3/Dispatcher.java
52	com.squareup.picasso3.Dispatcher	dispatchNetworkStateChange(android.net.NetworkInfo)	0	[false]		package	false	/home/nima/Developer/nullness-benchmarks/picasso/picasso/src/main/java/com/squareup/picasso3/Dispatcher.java
53	com.squareup.picasso3.Dispatcher	dispatchAirplaneModeChange(boolean)	0	[false]		package	false	/home/nima/Developer/nullness-benchmarks/picasso/picasso/src/main/java/com/squareup/picasso3/Dispatcher.java
54	com.squareup.picasso3.Dispatcher	performSubmit(com.squareup.picasso3.Action)	0	[false]		package	false	/home/nima/Developer/nullness-benchmarks/picasso/picasso/src/main/java/com/squareup/picasso3/Dispatcher.java
55	com.squareup.picasso3.Dispatcher	performSubmit(com.squareup.picasso3.Action,boolean)	0	[false, false]		package	false	/home/nima/Developer/nullness-benchmarks/picasso/picasso/src/main/java/com/squareup/picasso3/Dispatcher.java
56	com.squareup.picasso3.Dispatcher	performCancel(com.squareup.picasso3.Action)	0	[false]		package	false	/home/nima/Developer/nullness-benchmarks/picasso/picasso/src/main/java/com/squareup/picasso3/Dispatcher.java
57	com.squareup.picasso3.Dispatcher	performPauseTag(java.lang.Object)	0	[false]		package	false	/home/nima/Developer/nullness-benchmarks/picasso/picasso/src/main/java/com/squareup/picasso3/Dispatcher.java
58	com.squareup.picasso3.Dispatcher	performResumeTag(java.lang.Object)	0	[false]		package	false	/home/nima/Developer/nullness-benchmarks/picasso/picasso/src/main/java/com/squareup/picasso3/Dispatcher.java
59	com.squareup.picasso3.Dispatcher	performRetry(com.squareup.picasso3.BitmapHunter)	0	[false]	android.annotation.SuppressLint	package	false	/home/nima/Developer/nullness-benchmarks/picasso/picasso/src/main/java/com/squareup/picasso3/Dispatcher.java
60	com.squareup.picasso3.Dispatcher	performComplete(com.squareup.picasso3.BitmapHunter)	0	[false]		package	false	/home/nima/Developer/nullness-benchmarks/picasso/picasso/src/main/java/com/squareup/picasso3/Dispatcher.java
61	com.squareup.picasso3.Dispatcher	performError(com.squareup.picasso3.BitmapHunter)	0	[false]		package	false	/home/nima/Developer/nullness-benchmarks/picasso/picasso/src/main/java/com/squareup/picasso3/Dispatcher.java
62	com.squareup.picasso3.Dispatcher	performAirplaneModeChange(boolean)	0	[false]		package	false	/home/nima/Developer/nullness-benchmarks/picasso/picasso/src/main/java/com/squareup/picasso3/Dispatcher.java
63	com.squareup.picasso3.Dispatcher	performNetworkStateChange(android.net.NetworkInfo)	0	[false]		package	false	/home/nima/Developer/nullness-benchmarks/picasso/picasso/src/main/java/com/squareup/picasso3/Dispatcher.java
64	com.squareup.picasso3.Dispatcher	flushFailedActions()	0	[]		private	false	/home/nima/Developer/nullness-benchmarks/picasso/picasso/src/main/java/com/squareup/picasso3/Dispatcher.java
65	com.squareup.picasso3.Dispatcher	markForReplay(com.squareup.picasso3.BitmapHunter)	0	[false]		private	false	/home/nima/Developer/nullness-benchmarks/picasso/picasso/src/main/java/com/squareup/picasso3/Dispatcher.java
66	com.squareup.picasso3.Dispatcher	markForReplay(com.squareup.picasso3.Action)	0	[false]		private	false	/home/nima/Developer/nullness-benchmarks/picasso/picasso/src/main/java/com/squareup/picasso3/Dispatcher.java
67	com.squareup.picasso3.Dispatcher	deliver(com.squareup.picasso3.BitmapHunter)	0	[false]		private	false	/home/nima/Developer/nullness-benchmarks/picasso/picasso/src/main/java/com/squareup/picasso3/Dispatcher.java
68	com.squareup.picasso3.Dispatcher	logDelivery(com.squareup.picasso3.BitmapHunter)	0	[false]		private	false	/home/nima/Developer/nullness-benchmarks/picasso/picasso/src/main/java/com/squareup/picasso3/Dispatcher.java
69	com.squareup.picasso3.Dispatcher$DispatcherHandler	DispatcherHandler(android.os.Looper,com.squareup.picasso3.Dispatcher)	0	[false, false]		package	false	/home/nima/Developer/nullness-benchmarks/picasso/picasso/src/main/java/com/squareup/picasso3/Dispatcher.java
70	com.squareup.picasso3.Dispatcher$DispatcherHandler	handleMessage(android.os.Message)	71	[false]	java.lang.Override	public	false	/home/nima/Developer/nullness-benchmarks/picasso/picasso/src/main/java/com/squareup/picasso3/Dispatcher.java
72	com.squareup.picasso3.Dispatcher$DispatcherHandler$1	run()	44	[]	java.lang.Override	public	false	/home/nima/Developer/nullness-benchmarks/picasso/picasso/src/main/java/com/squareup/picasso3/Dispatcher.java
73	com.squareup.picasso3.Dispatcher$DispatcherThread	DispatcherThread()	0	[]		package	false	/home/nima/Developer/nullness-benchmarks/picasso/picasso/src/main/java/com/squareup/picasso3/Dispatcher.java
74	com.squareup.picasso3.Dispatcher$NetworkBroadcastReceiver	NetworkBroadcastReceiver(com.squareup.picasso3.Dispatcher)	0	[false]		package	false	/home/nima/Developer/nullness-benchmarks/picasso/picasso/src/main/java/com/squareup/picasso3/Dispatcher.java
75	com.squareup.picasso3.Dispatcher$NetworkBroadcastReceiver	register()	0	[]		package	false	/home/nima/Developer/nullness-benchmarks/picasso/picasso/src/main/java/com/squareup/picasso3/Dispatcher.java
76	com.squareup.picasso3.Dispatcher$NetworkBroadcastReceiver	unregister()	0	[]		package	false	/home/nima/Developer/nullness-benchmarks/picasso/picasso/src/main/java/com/squareup/picasso3/Dispatcher.java
77	com.squareup.picasso3.Dispatcher$NetworkBroadcastReceiver	onReceive(android.content.Context,android.content.Intent)	78	[false, false]	android.annotation.SuppressLint,java.lang.Override	public	false	/home/nima/Developer/nullness-benchmarks/picasso/picasso/src/main/java/com/squareup/picasso3/Dispatcher.java
79	com.squareup.picasso3.Picasso$Listener	onImageLoadFailed(com.squareup.picasso3.Picasso,android.net.Uri,java.lang.Exception)	0	[false, false, false]		public	false	/home/nima/Developer/nullness-benchmarks/picasso/picasso/src/main/java/com/squareup/picasso3/Picasso.java
80	com.squareup.picasso3.Picasso$RequestTransformer	transformRequest(com.squareup.picasso3.Request)	0	[false]	android.support.annotation.NonNull	public	true	/home/nima/Developer/nullness-benchmarks/picasso/picasso/src/main/java/com/squareup/picasso3/Picasso.java
81	com.squareup.picasso3.Picasso$1	handleMessage(android.os.Message)	71	[false]	java.lang.Override	public	false	/home/nima/Developer/nullness-benchmarks/picasso/picasso/src/main/java/com/squareup/picasso3/Picasso.java
82	com.squareup.picasso3.Picasso	Picasso(android.content.Context,com.squareup.picasso3.Dispatcher,okhttp3.Call.Factory,okhttp3.Cache,com.squareup.picasso3.PlatformLruCache,com.squareup.picasso3.Picasso.Listener,java.util.List,java.util.List,com.squareup.picasso3.Stats,android.graphics.Bitmap.Config,boolean,boolean)	0	[false, false, false, true, false, false, false, false, false, false, false, false]		package	false	/home/nima/Developer/nullness-benchmarks/picasso/picasso/src/main/java/com/squareup/picasso3/Picasso.java
83	com.squareup.picasso3.Picasso	cancelAll()	0	[]	android.arch.lifecycle.OnLifecycleEvent	package	false	/home/nima/Developer/nullness-benchmarks/picasso/picasso/src/main/java/com/squareup/picasso3/Picasso.java
84	com.squareup.picasso3.Picasso	cancelRequest(android.widget.ImageView)	0	[false]		public	false	/home/nima/Developer/nullness-benchmarks/picasso/picasso/src/main/java/com/squareup/picasso3/Picasso.java
85	com.squareup.picasso3.Picasso	cancelRequest(com.squareup.picasso3.BitmapTarget)	0	[false]		public	false	/home/nima/Developer/nullness-benchmarks/picasso/picasso/src/main/java/com/squareup/picasso3/Picasso.java
86	com.squareup.picasso3.Picasso	cancelRequest(android.widget.RemoteViews,int)	0	[false, false]		public	false	/home/nima/Developer/nullness-benchmarks/picasso/picasso/src/main/java/com/squareup/picasso3/Picasso.java
87	com.squareup.picasso3.Picasso	cancelTag(java.lang.Object)	0	[false]		public	false	/home/nima/Developer/nullness-benchmarks/picasso/picasso/src/main/java/com/squareup/picasso3/Picasso.java
88	com.squareup.picasso3.Picasso	pauseAll()	0	[]	android.arch.lifecycle.OnLifecycleEvent	package	false	/home/nima/Developer/nullness-benchmarks/picasso/picasso/src/main/java/com/squareup/picasso3/Picasso.java
89	com.squareup.picasso3.Picasso	pauseTag(java.lang.Object)	0	[false]		public	false	/home/nima/Developer/nullness-benchmarks/picasso/picasso/src/main/java/com/squareup/picasso3/Picasso.java
90	com.squareup.picasso3.Picasso	resumeAll()	0	[]	android.arch.lifecycle.OnLifecycleEvent	package	false	/home/nima/Developer/nullness-benchmarks/picasso/picasso/src/main/java/com/squareup/picasso3/Picasso.java
91	com.squareup.picasso3.Picasso	resumeTag(java.lang.Object)	0	[false]		public	false	/home/nima/Developer/nullness-benchmarks/picasso/picasso/src/main/java/com/squareup/picasso3/Picasso.java
92	com.squareup.picasso3.Picasso	load(android.net.Uri)	0	[true]	android.support.annotation.NonNull	public	true	/home/nima/Developer/nullness-benchmarks/picasso/picasso/src/main/java/com/squareup/picasso3/Picasso.java
93	com.squareup.picasso3.Picasso	load(java.lang.String)	0	[true]	android.support.annotation.NonNull	public	true	/home/nima/Developer/nullness-benchmarks/picasso/picasso/src/main/java/com/squareup/picasso3/Picasso.java
94	com.squareup.picasso3.Picasso	load(java.io.File)	0	[true]	android.support.annotation.NonNull	public	true	/home/nima/Developer/nullness-benchmarks/picasso/picasso/src/main/java/com/squareup/picasso3/Picasso.java
95	com.squareup.picasso3.Picasso	load(int)	0	[false]	android.support.annotation.NonNull	public	true	/home/nima/Developer/nullness-benchmarks/picasso/picasso/src/main/java/com/squareup/picasso3/Picasso.java
96	com.squareup.picasso3.Picasso	evictAll()	0	[]		public	false	/home/nima/Developer/nullness-benchmarks/picasso/picasso/src/main/java/com/squareup/picasso3/Picasso.java
97	com.squareup.picasso3.Picasso	invalidate(android.net.Uri)	0	[true]		public	false	/home/nima/Developer/nullness-benchmarks/picasso/picasso/src/main/java/com/squareup/picasso3/Picasso.java
98	com.squareup.picasso3.Picasso	invalidate(java.lang.String)	0	[true]		public	false	/home/nima/Developer/nullness-benchmarks/picasso/picasso/src/main/java/com/squareup/picasso3/Picasso.java
99	com.squareup.picasso3.Picasso	invalidate(java.io.File)	0	[false]		public	false	/home/nima/Developer/nullness-benchmarks/picasso/picasso/src/main/java/com/squareup/picasso3/Picasso.java
100	com.squareup.picasso3.Picasso	setIndicatorsEnabled(boolean)	0	[false]	java.lang.SuppressWarnings	public	false	/home/nima/Developer/nullness-benchmarks/picasso/picasso/src/main/java/com/squareup/picasso3/Picasso.java
101	com.squareup.picasso3.Picasso	getIndicatorsEnabled()	0	[]	java.lang.SuppressWarnings	public	false	/home/nima/Developer/nullness-benchmarks/picasso/picasso/src/main/java/com/squareup/picasso3/Picasso.java
102	com.squareup.picasso3.Picasso	setLoggingEnabled(boolean)	0	[false]	java.lang.SuppressWarnings	public	false	/home/nima/Developer/nullness-benchmarks/picasso/picasso/src/main/java/com/squareup/picasso3/Picasso.java
103	com.squareup.picasso3.Picasso	isLoggingEnabled()	0	[]		public	false	/home/nima/Developer/nullness-benchmarks/picasso/picasso/src/main/java/com/squareup/picasso3/Picasso.java
104	com.squareup.picasso3.Picasso	getSnapshot()	0	[]	android.support.annotation.NonNull,java.lang.SuppressWarnings	public	true	/home/nima/Developer/nullness-benchmarks/picasso/picasso/src/main/java/com/squareup/picasso3/Picasso.java
105	com.squareup.picasso3.Picasso	shutdown()	0	[]		public	false	/home/nima/Developer/nullness-benchmarks/picasso/picasso/src/main/java/com/squareup/picasso3/Picasso.java
106	com.squareup.picasso3.Picasso	getRequestHandlers()	0	[]		package	true	/home/nima/Developer/nullness-benchmarks/picasso/picasso/src/main/java/com/squareup/picasso3/Picasso.java
107	com.squareup.picasso3.Picasso	transformRequest(com.squareup.picasso3.Request)	0	[false]		package	true	/home/nima/Developer/nullness-benchmarks/picasso/picasso/src/main/java/com/squareup/picasso3/Picasso.java
108	com.squareup.picasso3.Picasso	defer(android.widget.ImageView,com.squareup.picasso3.DeferredRequestCreator)	0	[false, false]		package	false	/home/nima/Developer/nullness-benchmarks/picasso/picasso/src/main/java/com/squareup/picasso3/Picasso.java
109	com.squareup.picasso3.Picasso	enqueueAndSubmit(com.squareup.picasso3.Action)	0	[false]		package	false	/home/nima/Developer/nullness-benchmarks/picasso/picasso/src/main/java/com/squareup/picasso3/Picasso.java
110	com.squareup.picasso3.Picasso	submit(com.squareup.picasso3.Action)	0	[false]		package	false	/home/nima/Developer/nullness-benchmarks/picasso/picasso/src/main/java/com/squareup/picasso3/Picasso.java
111	com.squareup.picasso3.Picasso	quickMemoryCacheCheck(java.lang.String)	0	[false]		package	true	/home/nima/Developer/nullness-benchmarks/picasso/picasso/src/main/java/com/squareup/picasso3/Picasso.java
112	com.squareup.picasso3.Picasso	complete(com.squareup.picasso3.BitmapHunter)	0	[false]		package	false	/home/nima/Developer/nullness-benchmarks/picasso/picasso/src/main/java/com/squareup/picasso3/Picasso.java
113	com.squareup.picasso3.Picasso	resumeAction(com.squareup.picasso3.Action)	0	[false]		package	false	/home/nima/Developer/nullness-benchmarks/picasso/picasso/src/main/java/com/squareup/picasso3/Picasso.java
114	com.squareup.picasso3.Picasso	deliverAction(com.squareup.picasso3.RequestHandler.Result,com.squareup.picasso3.Action,java.lang.Exception)	0	[false, false, false]		private	false	/home/nima/Developer/nullness-benchmarks/picasso/picasso/src/main/java/com/squareup/picasso3/Picasso.java
115	com.squareup.picasso3.Picasso	cancelExistingRequest(java.lang.Object)	0	[false]		package	false	/home/nima/Developer/nullness-benchmarks/picasso/picasso/src/main/java/com/squareup/picasso3/Picasso.java
116	com.squareup.picasso3.Picasso$Builder	Builder(android.content.Context)	0	[false]		public	false	/home/nima/Developer/nullness-benchmarks/picasso/picasso/src/main/java/com/squareup/picasso3/Picasso.java
117	com.squareup.picasso3.Picasso$Builder	defaultBitmapConfig(android.graphics.Bitmap.Config)	0	[false]	android.support.annotation.NonNull	public	true	/home/nima/Developer/nullness-benchmarks/picasso/picasso/src/main/java/com/squareup/picasso3/Picasso.java
118	com.squareup.picasso3.Picasso$Builder	client(okhttp3.OkHttpClient)	0	[false]	android.support.annotation.NonNull	public	true	/home/nima/Developer/nullness-benchmarks/picasso/picasso/src/main/java/com/squareup/picasso3/Picasso.java
119	com.squareup.picasso3.Picasso$Builder	callFactory(okhttp3.Call.Factory)	0	[false]	android.support.annotation.NonNull	public	true	/home/nima/Developer/nullness-benchmarks/picasso/picasso/src/main/java/com/squareup/picasso3/Picasso.java
120	com.squareup.picasso3.Picasso$Builder	executor(java.util.concurrent.ExecutorService)	0	[false]	android.support.annotation.NonNull	public	true	/home/nima/Developer/nullness-benchmarks/picasso/picasso/src/main/java/com/squareup/picasso3/Picasso.java
121	com.squareup.picasso3.Picasso$Builder	withCacheSize(int)	0	[false]	android.support.annotation.NonNull	public	true	/home/nima/Developer/nullness-benchmarks/picasso/picasso/src/main/java/com/squareup/picasso3/Picasso.java
122	com.squareup.picasso3.Picasso$Builder	listener(com.squareup.picasso3.Picasso.Listener)	0	[false]	android.support.annotation.NonNull	public	true	/home/nima/Developer/nullness-benchmarks/picasso/picasso/src/main/java/com/squareup/picasso3/Picasso.java
123	com.squareup.picasso3.Picasso$Builder	addRequestTransformer(com.squareup.picasso3.Picasso.RequestTransformer)	0	[false]	android.support.annotation.NonNull	public	true	/home/nima/Developer/nullness-benchmarks/picasso/picasso/src/main/java/com/squareup/picasso3/Picasso.java
124	com.squareup.picasso3.Picasso$Builder	addRequestHandler(com.squareup.picasso3.RequestHandler)	0	[false]	android.support.annotation.NonNull	public	true	/home/nima/Developer/nullness-benchmarks/picasso/picasso/src/main/java/com/squareup/picasso3/Picasso.java
125	com.squareup.picasso3.Picasso$Builder	indicatorsEnabled(boolean)	0	[false]	android.support.annotation.NonNull	public	true	/home/nima/Developer/nullness-benchmarks/picasso/picasso/src/main/java/com/squareup/picasso3/Picasso.java
126	com.squareup.picasso3.Picasso$Builder	loggingEnabled(boolean)	0	[false]	android.support.annotation.NonNull	public	true	/home/nima/Developer/nullness-benchmarks/picasso/picasso/src/main/java/com/squareup/picasso3/Picasso.java
127	com.squareup.picasso3.Picasso$Builder	build()	0	[]	android.support.annotation.NonNull	public	true	/home/nima/Developer/nullness-benchmarks/picasso/picasso/src/main/java/com/squareup/picasso3/Picasso.java
128	com.squareup.picasso3.Picasso$LoadedFrom	LoadedFrom(int)	0	[false]		private	false	/home/nima/Developer/nullness-benchmarks/picasso/picasso/src/main/java/com/squareup/picasso3/Picasso.java
129	com.squareup.picasso3.Utils	Utils()	0	[]		private	false	/home/nima/Developer/nullness-benchmarks/picasso/picasso/src/main/java/com/squareup/picasso3/Utils.java
130	com.squareup.picasso3.Utils	checkNotNull(T,java.lang.String)	0	[false, false]		package	true	/home/nima/Developer/nullness-benchmarks/picasso/picasso/src/main/java/com/squareup/picasso3/Utils.java
131	com.squareup.picasso3.Utils	checkNotMain()	0	[]		package	false	/home/nima/Developer/nullness-benchmarks/picasso/picasso/src/main/java/com/squareup/picasso3/Utils.java
132	com.squareup.picasso3.Utils	checkMain()	0	[]		package	false	/home/nima/Developer/nullness-benchmarks/picasso/picasso/src/main/java/com/squareup/picasso3/Utils.java
133	com.squareup.picasso3.Utils	isMain()	0	[]		package	false	/home/nima/Developer/nullness-benchmarks/picasso/picasso/src/main/java/com/squareup/picasso3/Utils.java
134	com.squareup.picasso3.Utils	getLogIdsForHunter(com.squareup.picasso3.BitmapHunter)	0	[false]		package	true	/home/nima/Developer/nullness-benchmarks/picasso/picasso/src/main/java/com/squareup/picasso3/Utils.java
135	com.squareup.picasso3.Utils	getLogIdsForHunter(com.squareup.picasso3.BitmapHunter,java.lang.String)	0	[false, false]		package	true	/home/nima/Developer/nullness-benchmarks/picasso/picasso/src/main/java/com/squareup/picasso3/Utils.java
136	com.squareup.picasso3.Utils	log(java.lang.String,java.lang.String,java.lang.String)	0	[false, false, false]		package	false	/home/nima/Developer/nullness-benchmarks/picasso/picasso/src/main/java/com/squareup/picasso3/Utils.java
137	com.squareup.picasso3.Utils	log(java.lang.String,java.lang.String,java.lang.String,java.lang.String)	0	[false, false, false, false]		package	false	/home/nima/Developer/nullness-benchmarks/picasso/picasso/src/main/java/com/squareup/picasso3/Utils.java
138	com.squareup.picasso3.Utils	createDefaultCacheDir(android.content.Context)	0	[false]		package	true	/home/nima/Developer/nullness-benchmarks/picasso/picasso/src/main/java/com/squareup/picasso3/Utils.java
139	com.squareup.picasso3.Utils	calculateDiskCacheSize(java.io.File)	0	[false]		package	false	/home/nima/Developer/nullness-benchmarks/picasso/picasso/src/main/java/com/squareup/picasso3/Utils.java
140	com.squareup.picasso3.Utils	calculateMemoryCacheSize(android.content.Context)	0	[false]		package	false	/home/nima/Developer/nullness-benchmarks/picasso/picasso/src/main/java/com/squareup/picasso3/Utils.java
141	com.squareup.picasso3.Utils	isAirplaneModeOn(android.content.Context)	0	[false]		package	false	/home/nima/Developer/nullness-benchmarks/picasso/picasso/src/main/java/com/squareup/picasso3/Utils.java
142	com.squareup.picasso3.Utils	hasPermission(android.content.Context,java.lang.String)	0	[false, false]		package	false	/home/nima/Developer/nullness-benchmarks/picasso/picasso/src/main/java/com/squareup/picasso3/Utils.java
143	com.squareup.picasso3.Utils	isWebPFile(okio.BufferedSource)	0	[false]		package	false	/home/nima/Developer/nullness-benchmarks/picasso/picasso/src/main/java/com/squareup/picasso3/Utils.java
144	com.squareup.picasso3.Utils	getResourceId(android.content.res.Resources,com.squareup.picasso3.Request)	0	[false, false]		package	false	/home/nima/Developer/nullness-benchmarks/picasso/picasso/src/main/java/com/squareup/picasso3/Utils.java
145	com.squareup.picasso3.Utils	getResources(android.content.Context,com.squareup.picasso3.Request)	0	[false, false]		package	true	/home/nima/Developer/nullness-benchmarks/picasso/picasso/src/main/java/com/squareup/picasso3/Utils.java
146	com.squareup.picasso3.Utils	flushStackLocalLeaks(android.os.Looper)	0	[false]		package	false	/home/nima/Developer/nullness-benchmarks/picasso/picasso/src/main/java/com/squareup/picasso3/Utils.java
147	com.squareup.picasso3.Utils$1	handleMessage(android.os.Message)	71	[false]	java.lang.Override	public	false	/home/nima/Developer/nullness-benchmarks/picasso/picasso/src/main/java/com/squareup/picasso3/Utils.java
148	com.squareup.picasso3.Utils$PicassoThreadFactory	newThread(java.lang.Runnable)	149	[false]	java.lang.Override	public	true	/home/nima/Developer/nullness-benchmarks/picasso/picasso/src/main/java/com/squareup/picasso3/Utils.java
150	com.squareup.picasso3.Utils$PicassoThread	PicassoThread(java.lang.Runnable)	0	[false]		package	false	/home/nima/Developer/nullness-benchmarks/picasso/picasso/src/main/java/com/squareup/picasso3/Utils.java
151	com.squareup.picasso3.Utils$PicassoThread	run()	152	[]	java.lang.Override	public	false	/home/nima/Developer/nullness-benchmarks/picasso/picasso/src/main/java/com/squareup/picasso3/Utils.java
153	com.squareup.picasso3.RequestHandler$Result	Result(android.graphics.Bitmap,com.squareup.picasso3.Picasso.LoadedFrom)	0	[false, false]		public	false	/home/nima/Developer/nullness-benchmarks/picasso/picasso/src/main/java/com/squareup/picasso3/RequestHandler.java
154	com.squareup.picasso3.RequestHandler$Result	Result(android.graphics.Bitmap,com.squareup.picasso3.Picasso.LoadedFrom,int)	0	[false, false, false]		public	false	/home/nima/Developer/nullness-benchmarks/picasso/picasso/src/main/java/com/squareup/picasso3/RequestHandler.java
155	com.squareup.picasso3.RequestHandler$Result	Result(android.graphics.drawable.Drawable,com.squareup.picasso3.Picasso.LoadedFrom)	0	[false, false]		public	false	/home/nima/Developer/nullness-benchmarks/picasso/picasso/src/main/java/com/squareup/picasso3/RequestHandler.java
156	com.squareup.picasso3.RequestHandler$Result	Result(android.graphics.Bitmap,android.graphics.drawable.Drawable,com.squareup.picasso3.Picasso.LoadedFrom,int)	0	[true, true, false, false]		private	false	/home/nima/Developer/nullness-benchmarks/picasso/picasso/src/main/java/com/squareup/picasso3/RequestHandler.java
157	com.squareup.picasso3.RequestHandler$Result	getBitmap()	0	[]	android.support.annotation.Nullable	public	true	/home/nima/Developer/nullness-benchmarks/picasso/picasso/src/main/java/com/squareup/picasso3/RequestHandler.java
158	com.squareup.picasso3.RequestHandler$Result	getDrawable()	0	[]	android.support.annotation.Nullable	public	true	/home/nima/Developer/nullness-benchmarks/picasso/picasso/src/main/java/com/squareup/picasso3/RequestHandler.java
159	com.squareup.picasso3.RequestHandler$Result	getLoadedFrom()	0	[]	android.support.annotation.NonNull	public	true	/home/nima/Developer/nullness-benchmarks/picasso/picasso/src/main/java/com/squareup/picasso3/RequestHandler.java
160	com.squareup.picasso3.RequestHandler$Result	getExifRotation()	0	[]		public	false	/home/nima/Developer/nullness-benchmarks/picasso/picasso/src/main/java/com/squareup/picasso3/RequestHandler.java
161	com.squareup.picasso3.RequestHandler$Callback	onSuccess(com.squareup.picasso3.RequestHandler.Result)	0	[true]		public	false	/home/nima/Developer/nullness-benchmarks/picasso/picasso/src/main/java/com/squareup/picasso3/RequestHandler.java
162	com.squareup.picasso3.RequestHandler$Callback	onError(java.lang.Throwable)	0	[false]		public	false	/home/nima/Developer/nullness-benchmarks/picasso/picasso/src/main/java/com/squareup/picasso3/RequestHandler.java
163	com.squareup.picasso3.RequestHandler	canHandleRequest(com.squareup.picasso3.Request)	0	[false]		public	false	/home/nima/Developer/nullness-benchmarks/picasso/picasso/src/main/java/com/squareup/picasso3/RequestHandler.java
164	com.squareup.picasso3.RequestHandler	load(com.squareup.picasso3.Picasso,com.squareup.picasso3.Request,com.squareup.picasso3.RequestHandler.Callback)	0	[false, false, false]		public	false	/home/nima/Developer/nullness-benchmarks/picasso/picasso/src/main/java/com/squareup/picasso3/RequestHandler.java
165	com.squareup.picasso3.RequestHandler	getRetryCount()	0	[]		package	false	/home/nima/Developer/nullness-benchmarks/picasso/picasso/src/main/java/com/squareup/picasso3/RequestHandler.java
166	com.squareup.picasso3.RequestHandler	shouldRetry(boolean,android.net.NetworkInfo)	0	[false, true]		package	false	/home/nima/Developer/nullness-benchmarks/picasso/picasso/src/main/java/com/squareup/picasso3/RequestHandler.java
167	com.squareup.picasso3.RequestHandler	supportsReplay()	0	[]		package	false	/home/nima/Developer/nullness-benchmarks/picasso/picasso/src/main/java/com/squareup/picasso3/RequestHandler.java
168	com.squareup.picasso3.RequestHandler	createBitmapOptions(com.squareup.picasso3.Request)	0	[false]		package	true	/home/nima/Developer/nullness-benchmarks/picasso/picasso/src/main/java/com/squareup/picasso3/RequestHandler.java
169	com.squareup.picasso3.RequestHandler	requiresInSampleSize(android.graphics.BitmapFactory.Options)	0	[false]		package	false	/home/nima/Developer/nullness-benchmarks/picasso/picasso/src/main/java/com/squareup/picasso3/RequestHandler.java
170	com.squareup.picasso3.RequestHandler	calculateInSampleSize(int,int,android.graphics.BitmapFactory.Options,com.squareup.picasso3.Request)	0	[false, false, false, false]		package	false	/home/nima/Developer/nullness-benchmarks/picasso/picasso/src/main/java/com/squareup/picasso3/RequestHandler.java
171	com.squareup.picasso3.RequestHandler	calculateInSampleSize(int,int,int,int,android.graphics.BitmapFactory.Options,com.squareup.picasso3.Request)	0	[false, false, false, false, false, false]		package	false	/home/nima/Developer/nullness-benchmarks/picasso/picasso/src/main/java/com/squareup/picasso3/RequestHandler.java
172	com.squareup.picasso3.RequestHandler	getSampleSize(int,int,int,int,com.squareup.picasso3.Request)	0	[false, false, false, false, false]		private	false	/home/nima/Developer/nullness-benchmarks/picasso/picasso/src/main/java/com/squareup/picasso3/RequestHandler.java
173	com.squareup.picasso3.RequestHandler	decodeStream(okio.Source,com.squareup.picasso3.Request)	0	[false, false]		package	true	/home/nima/Developer/nullness-benchmarks/picasso/picasso/src/main/java/com/squareup/picasso3/RequestHandler.java
174	com.squareup.picasso3.RequestHandler	decodeStreamP(com.squareup.picasso3.Request,okio.BufferedSource)	0	[false, false]	android.support.annotation.RequiresApi,android.annotation.SuppressLint	private	true	/home/nima/Developer/nullness-benchmarks/picasso/picasso/src/main/java/com/squareup/picasso3/RequestHandler.java
175	com.squareup.picasso3.RequestHandler	decodeStreamPreP(com.squareup.picasso3.Request,okio.BufferedSource)	0	[false, false]		private	true	/home/nima/Developer/nullness-benchmarks/picasso/picasso/src/main/java/com/squareup/picasso3/RequestHandler.java
176	com.squareup.picasso3.RequestHandler	decodeResource(android.content.Context,com.squareup.picasso3.Request)	0	[false, false]		package	true	/home/nima/Developer/nullness-benchmarks/picasso/picasso/src/main/java/com/squareup/picasso3/RequestHandler.java
177	com.squareup.picasso3.RequestHandler	decodeResourceP(android.content.Context,com.squareup.picasso3.Request)	0	[false, false]	android.support.annotation.RequiresApi	private	true	/home/nima/Developer/nullness-benchmarks/picasso/picasso/src/main/java/com/squareup/picasso3/RequestHandler.java
178	com.squareup.picasso3.RequestHandler	decodeResourcePreP(android.content.res.Resources,int,com.squareup.picasso3.Request)	0	[false, false, false]		private	true	/home/nima/Developer/nullness-benchmarks/picasso/picasso/src/main/java/com/squareup/picasso3/RequestHandler.java
179	com.squareup.picasso3.RequestHandler	decodeImageSource(android.graphics.ImageDecoder.Source,com.squareup.picasso3.Request)	0	[false, false]	android.support.annotation.RequiresApi	private	true	/home/nima/Developer/nullness-benchmarks/picasso/picasso/src/main/java/com/squareup/picasso3/RequestHandler.java
180	com.squareup.picasso3.RequestHandler$1	onHeaderDecoded(android.graphics.ImageDecoder,android.graphics.ImageDecoder.ImageInfo,android.graphics.ImageDecoder.Source)	181	[false, false, false]	java.lang.Override	public	false	/home/nima/Developer/nullness-benchmarks/picasso/picasso/src/main/java/com/squareup/picasso3/RequestHandler.java
182	com.squareup.picasso3.RequestHandler	isXmlResource(android.content.res.Resources,int)	0	[false, false]		package	false	/home/nima/Developer/nullness-benchmarks/picasso/picasso/src/main/java/com/squareup/picasso3/RequestHandler.java
183	com.squareup.picasso3.BitmapHunter$1	initialValue()	184	[]	java.lang.Override	protected	true	/home/nima/Developer/nullness-benchmarks/picasso/picasso/src/main/java/com/squareup/picasso3/BitmapHunter.java
185	com.squareup.picasso3.BitmapHunter$2	canHandleRequest(com.squareup.picasso3.Request)	163	[false]	java.lang.Override	public	false	/home/nima/Developer/nullness-benchmarks/picasso/picasso/src/main/java/com/squareup/picasso3/BitmapHunter.java
186	com.squareup.picasso3.BitmapHunter$2	load(com.squareup.picasso3.Picasso,com.squareup.picasso3.Request,com.squareup.picasso3.RequestHandler.Callback)	164	[false, false, false]	java.lang.Override	public	false	/home/nima/Developer/nullness-benchmarks/picasso/picasso/src/main/java/com/squareup/picasso3/BitmapHunter.java
187	com.squareup.picasso3.BitmapHunter	BitmapHunter(com.squareup.picasso3.Picasso,com.squareup.picasso3.Dispatcher,com.squareup.picasso3.PlatformLruCache,com.squareup.picasso3.Stats,com.squareup.picasso3.Action,com.squareup.picasso3.RequestHandler)	0	[false, false, false, false, false, false]		package	false	/home/nima/Developer/nullness-benchmarks/picasso/picasso/src/main/java/com/squareup/picasso3/BitmapHunter.java
188	com.squareup.picasso3.BitmapHunter	run()	44	[]	java.lang.Override	public	false	/home/nima/Developer/nullness-benchmarks/picasso/picasso/src/main/java/com/squareup/picasso3/BitmapHunter.java
189	com.squareup.picasso3.BitmapHunter	hunt()	0	[]		package	true	/home/nima/Developer/nullness-benchmarks/picasso/picasso/src/main/java/com/squareup/picasso3/BitmapHunter.java
190	com.squareup.picasso3.BitmapHunter$3	onSuccess(com.squareup.picasso3.RequestHandler.Result)	161	[true]	java.lang.Override	public	false	/home/nima/Developer/nullness-benchmarks/picasso/picasso/src/main/java/com/squareup/picasso3/BitmapHunter.java
191	com.squareup.picasso3.BitmapHunter$3	onError(java.lang.Throwable)	162	[false]	java.lang.Override	public	false	/home/nima/Developer/nullness-benchmarks/picasso/picasso/src/main/java/com/squareup/picasso3/BitmapHunter.java
192	com.squareup.picasso3.BitmapHunter	attach(com.squareup.picasso3.Action)	0	[false]		package	false	/home/nima/Developer/nullness-benchmarks/picasso/picasso/src/main/java/com/squareup/picasso3/BitmapHunter.java
193	com.squareup.picasso3.BitmapHunter	detach(com.squareup.picasso3.Action)	0	[false]		package	false	/home/nima/Developer/nullness-benchmarks/picasso/picasso/src/main/java/com/squareup/picasso3/BitmapHunter.java
194	com.squareup.picasso3.BitmapHunter	computeNewPriority()	0	[]		private	true	/home/nima/Developer/nullness-benchmarks/picasso/picasso/src/main/java/com/squareup/picasso3/BitmapHunter.java
195	com.squareup.picasso3.BitmapHunter	cancel()	0	[]		package	false	/home/nima/Developer/nullness-benchmarks/picasso/picasso/src/main/java/com/squareup/picasso3/BitmapHunter.java
196	com.squareup.picasso3.BitmapHunter	isCancelled()	0	[]		package	false	/home/nima/Developer/nullness-benchmarks/picasso/picasso/src/main/java/com/squareup/picasso3/BitmapHunter.java
197	com.squareup.picasso3.BitmapHunter	shouldRetry(boolean,android.net.NetworkInfo)	0	[false, false]		package	false	/home/nima/Developer/nullness-benchmarks/picasso/picasso/src/main/java/com/squareup/picasso3/BitmapHunter.java
198	com.squareup.picasso3.BitmapHunter	supportsReplay()	0	[]		package	false	/home/nima/Developer/nullness-benchmarks/picasso/picasso/src/main/java/com/squareup/picasso3/BitmapHunter.java
199	com.squareup.picasso3.BitmapHunter	getResult()	0	[]		package	true	/home/nima/Developer/nullness-benchmarks/picasso/picasso/src/main/java/com/squareup/picasso3/BitmapHunter.java
200	com.squareup.picasso3.BitmapHunter	getKey()	0	[]		package	true	/home/nima/Developer/nullness-benchmarks/picasso/picasso/src/main/java/com/squareup/picasso3/BitmapHunter.java
201	com.squareup.picasso3.BitmapHunter	getData()	0	[]		package	true	/home/nima/Developer/nullness-benchmarks/picasso/picasso/src/main/java/com/squareup/picasso3/BitmapHunter.java
202	com.squareup.picasso3.BitmapHunter	getAction()	0	[]		package	true	/home/nima/Developer/nullness-benchmarks/picasso/picasso/src/main/java/com/squareup/picasso3/BitmapHunter.java
203	com.squareup.picasso3.BitmapHunter	getPicasso()	0	[]		package	true	/home/nima/Developer/nullness-benchmarks/picasso/picasso/src/main/java/com/squareup/picasso3/BitmapHunter.java
204	com.squareup.picasso3.BitmapHunter	getActions()	0	[]		package	true	/home/nima/Developer/nullness-benchmarks/picasso/picasso/src/main/java/com/squareup/picasso3/BitmapHunter.java
205	com.squareup.picasso3.BitmapHunter	getException()	0	[]		package	true	/home/nima/Developer/nullness-benchmarks/picasso/picasso/src/main/java/com/squareup/picasso3/BitmapHunter.java
206	com.squareup.picasso3.BitmapHunter	getPriority()	0	[]		package	true	/home/nima/Developer/nullness-benchmarks/picasso/picasso/src/main/java/com/squareup/picasso3/BitmapHunter.java
207	com.squareup.picasso3.BitmapHunter	updateThreadName(com.squareup.picasso3.Request)	0	[false]		package	false	/home/nima/Developer/nullness-benchmarks/picasso/picasso/src/main/java/com/squareup/picasso3/BitmapHunter.java
208	com.squareup.picasso3.BitmapHunter	forRequest(com.squareup.picasso3.Picasso,com.squareup.picasso3.Dispatcher,com.squareup.picasso3.PlatformLruCache,com.squareup.picasso3.Stats,com.squareup.picasso3.Action)	0	[false, false, false, false, false]		package	true	/home/nima/Developer/nullness-benchmarks/picasso/picasso/src/main/java/com/squareup/picasso3/BitmapHunter.java
209	com.squareup.picasso3.BitmapHunter	applyTransformations(com.squareup.picasso3.Picasso,com.squareup.picasso3.Request,java.util.List,com.squareup.picasso3.RequestHandler.Result)	0	[false, false, false, false]		package	true	/home/nima/Developer/nullness-benchmarks/picasso/picasso/src/main/java/com/squareup/picasso3/BitmapHunter.java
210	com.squareup.picasso3.BitmapHunter$4	run()	44	[]	java.lang.Override	public	false	/home/nima/Developer/nullness-benchmarks/picasso/picasso/src/main/java/com/squareup/picasso3/BitmapHunter.java
211	com.squareup.picasso3.BitmapHunter$5	run()	44	[]	java.lang.Override	public	false	/home/nima/Developer/nullness-benchmarks/picasso/picasso/src/main/java/com/squareup/picasso3/BitmapHunter.java
212	com.squareup.picasso3.BitmapHunter$6	run()	44	[]	java.lang.Override	public	false	/home/nima/Developer/nullness-benchmarks/picasso/picasso/src/main/java/com/squareup/picasso3/BitmapHunter.java
213	com.squareup.picasso3.BitmapHunter$7	run()	44	[]	java.lang.Override	public	false	/home/nima/Developer/nullness-benchmarks/picasso/picasso/src/main/java/com/squareup/picasso3/BitmapHunter.java
214	com.squareup.picasso3.PicassoDrawable	setResult(android.widget.ImageView,android.content.Context,com.squareup.picasso3.RequestHandler.Result,boolean,boolean)	0	[false, false, false, false, false]		package	false	/home/nima/Developer/nullness-benchmarks/picasso/picasso/src/main/java/com/squareup/picasso3/PicassoDrawable.java
215	com.squareup.picasso3.PicassoDrawable	setPlaceholder(android.widget.ImageView,android.graphics.drawable.Drawable)	0	[false, false]		package	false	/home/nima/Developer/nullness-benchmarks/picasso/picasso/src/main/java/com/squareup/picasso3/PicassoDrawable.java
216	com.squareup.picasso3.PicassoDrawable	PicassoDrawable(android.content.Context,android.graphics.Bitmap,android.graphics.drawable.Drawable,com.squareup.picasso3.Picasso.LoadedFrom,boolean,boolean)	0	[false, false, false, false, false, false]		package	false	/home/nima/Developer/nullness-benchmarks/picasso/picasso/src/main/java/com/squareup/picasso3/PicassoDrawable.java
217	com.squareup.picasso3.PicassoDrawable	draw(android.graphics.Canvas)	218	[false]	java.lang.Override	public	false	/home/nima/Developer/nullness-benchmarks/picasso/picasso/src/main/java/com/squareup/picasso3/PicassoDrawable.java
219	com.squareup.picasso3.PicassoDrawable	setAlpha(int)	220	[false]	java.lang.Override	public	false	/home/nima/Developer/nullness-benchmarks/picasso/picasso/src/main/java/com/squareup/picasso3/PicassoDrawable.java
221	com.squareup.picasso3.PicassoDrawable	setColorFilter(android.graphics.ColorFilter)	222	[false]	java.lang.Override	public	false	/home/nima/Developer/nullness-benchmarks/picasso/picasso/src/main/java/com/squareup/picasso3/PicassoDrawable.java
223	com.squareup.picasso3.PicassoDrawable	onBoundsChange(android.graphics.Rect)	224	[false]	java.lang.Override	protected	false	/home/nima/Developer/nullness-benchmarks/picasso/picasso/src/main/java/com/squareup/picasso3/PicassoDrawable.java
225	com.squareup.picasso3.PicassoDrawable	drawDebugIndicator(android.graphics.Canvas)	0	[false]		private	false	/home/nima/Developer/nullness-benchmarks/picasso/picasso/src/main/java/com/squareup/picasso3/PicassoDrawable.java
226	com.squareup.picasso3.PicassoDrawable	getTrianglePath(int,int,int)	0	[false, false, false]		private	true	/home/nima/Developer/nullness-benchmarks/picasso/picasso/src/main/java/com/squareup/picasso3/PicassoDrawable.java
227	com.squareup.picasso3.RequestCreator	RequestCreator(com.squareup.picasso3.Picasso,android.net.Uri,int)	0	[false, false, false]		package	false	/home/nima/Developer/nullness-benchmarks/picasso/picasso/src/main/java/com/squareup/picasso3/RequestCreator.java
228	com.squareup.picasso3.RequestCreator	RequestCreator()	0	[]	android.support.annotation.VisibleForTesting	package	false	/home/nima/Developer/nullness-benchmarks/picasso/picasso/src/main/java/com/squareup/picasso3/RequestCreator.java
229	com.squareup.picasso3.RequestCreator	noPlaceholder()	0	[]	android.support.annotation.NonNull	public	true	/home/nima/Developer/nullness-benchmarks/picasso/picasso/src/main/java/com/squareup/picasso3/RequestCreator.java
230	com.squareup.picasso3.RequestCreator	placeholder(int)	0	[false]	android.support.annotation.NonNull	public	true	/home/nima/Developer/nullness-benchmarks/picasso/picasso/src/main/java/com/squareup/picasso3/RequestCreator.java
231	com.squareup.picasso3.RequestCreator	placeholder(android.graphics.drawable.Drawable)	0	[false]	android.support.annotation.NonNull	public	true	/home/nima/Developer/nullness-benchmarks/picasso/picasso/src/main/java/com/squareup/picasso3/RequestCreator.java
232	com.squareup.picasso3.RequestCreator	error(int)	0	[false]	android.support.annotation.NonNull	public	true	/home/nima/Developer/nullness-benchmarks/picasso/picasso/src/main/java/com/squareup/picasso3/RequestCreator.java
233	com.squareup.picasso3.RequestCreator	error(android.graphics.drawable.Drawable)	0	[false]	android.support.annotation.NonNull	public	true	/home/nima/Developer/nullness-benchmarks/picasso/picasso/src/main/java/com/squareup/picasso3/RequestCreator.java
234	com.squareup.picasso3.RequestCreator	tag(java.lang.Object)	0	[false]	android.support.annotation.NonNull	public	true	/home/nima/Developer/nullness-benchmarks/picasso/picasso/src/main/java/com/squareup/picasso3/RequestCreator.java
235	com.squareup.picasso3.RequestCreator	fit()	0	[]	android.support.annotation.NonNull	public	true	/home/nima/Developer/nullness-benchmarks/picasso/picasso/src/main/java/com/squareup/picasso3/RequestCreator.java
236	com.squareup.picasso3.RequestCreator	unfit()	0	[]		package	true	/home/nima/Developer/nullness-benchmarks/picasso/picasso/src/main/java/com/squareup/picasso3/RequestCreator.java
237	com.squareup.picasso3.RequestCreator	clearTag()	0	[]		package	true	/home/nima/Developer/nullness-benchmarks/picasso/picasso/src/main/java/com/squareup/picasso3/RequestCreator.java
238	com.squareup.picasso3.RequestCreator	getTag()	0	[]		package	true	/home/nima/Developer/nullness-benchmarks/picasso/picasso/src/main/java/com/squareup/picasso3/RequestCreator.java
239	com.squareup.picasso3.RequestCreator	resizeDimen(int,int)	0	[false, false]	android.support.annotation.NonNull	public	true	/home/nima/Developer/nullness-benchmarks/picasso/picasso/src/main/java/com/squareup/picasso3/RequestCreator.java
240	com.squareup.picasso3.RequestCreator	resize(int,int)	0	[false, false]	android.support.annotation.NonNull	public	true	/home/nima/Developer/nullness-benchmarks/picasso/picasso/src/main/java/com/squareup/picasso3/RequestCreator.java
241	com.squareup.picasso3.RequestCreator	centerCrop()	0	[]	android.support.annotation.NonNull	public	true	/home/nima/Developer/nullness-benchmarks/picasso/picasso/src/main/java/com/squareup/picasso3/RequestCreator.java
242	com.squareup.picasso3.RequestCreator	centerCrop(int)	0	[false]	android.support.annotation.NonNull	public	true	/home/nima/Developer/nullness-benchmarks/picasso/picasso/src/main/java/com/squareup/picasso3/RequestCreator.java
243	com.squareup.picasso3.RequestCreator	centerInside()	0	[]	android.support.annotation.NonNull	public	true	/home/nima/Developer/nullness-benchmarks/picasso/picasso/src/main/java/com/squareup/picasso3/RequestCreator.java
244	com.squareup.picasso3.RequestCreator	onlyScaleDown()	0	[]	android.support.annotation.NonNull	public	true	/home/nima/Developer/nullness-benchmarks/picasso/picasso/src/main/java/com/squareup/picasso3/RequestCreator.java
245	com.squareup.picasso3.RequestCreator	rotate(float)	0	[false]	android.support.annotation.NonNull	public	true	/home/nima/Developer/nullness-benchmarks/picasso/picasso/src/main/java/com/squareup/picasso3/RequestCreator.java
246	com.squareup.picasso3.RequestCreator	rotate(float,float,float)	0	[false, false, false]	android.support.annotation.NonNull	public	true	/home/nima/Developer/nullness-benchmarks/picasso/picasso/src/main/java/com/squareup/picasso3/RequestCreator.java
247	com.squareup.picasso3.RequestCreator	config(android.graphics.Bitmap.Config)	0	[false]	android.support.annotation.NonNull	public	true	/home/nima/Developer/nullness-benchmarks/picasso/picasso/src/main/java/com/squareup/picasso3/RequestCreator.java
248	com.squareup.picasso3.RequestCreator	stableKey(java.lang.String)	0	[false]	android.support.annotation.NonNull	public	true	/home/nima/Developer/nullness-benchmarks/picasso/picasso/src/main/java/com/squareup/picasso3/RequestCreator.java
249	com.squareup.picasso3.RequestCreator	priority(com.squareup.picasso3.Picasso.Priority)	0	[false]	android.support.annotation.NonNull	public	true	/home/nima/Developer/nullness-benchmarks/picasso/picasso/src/main/java/com/squareup/picasso3/RequestCreator.java
250	com.squareup.picasso3.RequestCreator	transform(com.squareup.picasso3.Transformation)	0	[false]	android.support.annotation.NonNull	public	true	/home/nima/Developer/nullness-benchmarks/picasso/picasso/src/main/java/com/squareup/picasso3/RequestCreator.java
251	com.squareup.picasso3.RequestCreator	transform(java.util.List)	0	[false]	android.support.annotation.NonNull	public	true	/home/nima/Developer/nullness-benchmarks/picasso/picasso/src/main/java/com/squareup/picasso3/RequestCreator.java
252	com.squareup.picasso3.RequestCreator	memoryPolicy(com.squareup.picasso3.MemoryPolicy,com.squareup.picasso3.MemoryPolicy[])	0	[false, false]	android.support.annotation.NonNull	public	true	/home/nima/Developer/nullness-benchmarks/picasso/picasso/src/main/java/com/squareup/picasso3/RequestCreator.java
253	com.squareup.picasso3.RequestCreator	networkPolicy(com.squareup.picasso3.NetworkPolicy,com.squareup.picasso3.NetworkPolicy[])	0	[false, false]	android.support.annotation.NonNull	public	true	/home/nima/Developer/nullness-benchmarks/picasso/picasso/src/main/java/com/squareup/picasso3/RequestCreator.java
254	com.squareup.picasso3.RequestCreator	purgeable()	0	[]	android.support.annotation.NonNull	public	true	/home/nima/Developer/nullness-benchmarks/picasso/picasso/src/main/java/com/squareup/picasso3/RequestCreator.java
255	com.squareup.picasso3.RequestCreator	noFade()	0	[]	android.support.annotation.NonNull	public	true	/home/nima/Developer/nullness-benchmarks/picasso/picasso/src/main/java/com/squareup/picasso3/RequestCreator.java
256	com.squareup.picasso3.RequestCreator	get()	0	[]	android.support.annotation.Nullable	public	true	/home/nima/Developer/nullness-benchmarks/picasso/picasso/src/main/java/com/squareup/picasso3/RequestCreator.java
257	com.squareup.picasso3.RequestCreator	fetch()	0	[]		public	false	/home/nima/Developer/nullness-benchmarks/picasso/picasso/src/main/java/com/squareup/picasso3/RequestCreator.java
258	com.squareup.picasso3.RequestCreator	fetch(com.squareup.picasso3.Callback)	0	[true]		public	false	/home/nima/Developer/nullness-benchmarks/picasso/picasso/src/main/java/com/squareup/picasso3/RequestCreator.java
259	com.squareup.picasso3.RequestCreator	into(com.squareup.picasso3.BitmapTarget)	0	[false]		public	false	/home/nima/Developer/nullness-benchmarks/picasso/picasso/src/main/java/com/squareup/picasso3/RequestCreator.java
260	com.squareup.picasso3.RequestCreator	into(android.widget.RemoteViews,int,int,android.app.Notification)	0	[false, false, false, false]		public	false	/home/nima/Developer/nullness-benchmarks/picasso/picasso/src/main/java/com/squareup/picasso3/RequestCreator.java
261	com.squareup.picasso3.RequestCreator	into(android.widget.RemoteViews,int,int,android.app.Notification,java.lang.String)	0	[false, false, false, false, true]		public	false	/home/nima/Developer/nullness-benchmarks/picasso/picasso/src/main/java/com/squareup/picasso3/RequestCreator.java
262	com.squareup.picasso3.RequestCreator	into(android.widget.RemoteViews,int,int,android.app.Notification,java.lang.String,com.squareup.picasso3.Callback)	0	[false, false, false, false, true, true]		public	false	/home/nima/Developer/nullness-benchmarks/picasso/picasso/src/main/java/com/squareup/picasso3/RequestCreator.java
263	com.squareup.picasso3.RequestCreator	into(android.widget.RemoteViews,int,int)	0	[false, false, false]		public	false	/home/nima/Developer/nullness-benchmarks/picasso/picasso/src/main/java/com/squareup/picasso3/RequestCreator.java
264	com.squareup.picasso3.RequestCreator	into(android.widget.RemoteViews,int,int[])	0	[false, false, false]		public	false	/home/nima/Developer/nullness-benchmarks/picasso/picasso/src/main/java/com/squareup/picasso3/RequestCreator.java
265	com.squareup.picasso3.RequestCreator	into(android.widget.RemoteViews,int,int,com.squareup.picasso3.Callback)	0	[false, false, false, true]		public	false	/home/nima/Developer/nullness-benchmarks/picasso/picasso/src/main/java/com/squareup/picasso3/RequestCreator.java
266	com.squareup.picasso3.RequestCreator	into(android.widget.RemoteViews,int,int[],com.squareup.picasso3.Callback)	0	[false, false, false, true]		public	false	/home/nima/Developer/nullness-benchmarks/picasso/picasso/src/main/java/com/squareup/picasso3/RequestCreator.java
267	com.squareup.picasso3.RequestCreator	into(android.widget.ImageView)	0	[false]		public	false	/home/nima/Developer/nullness-benchmarks/picasso/picasso/src/main/java/com/squareup/picasso3/RequestCreator.java
268	com.squareup.picasso3.RequestCreator	into(android.widget.ImageView,com.squareup.picasso3.Callback)	0	[false, true]		public	false	/home/nima/Developer/nullness-benchmarks/picasso/picasso/src/main/java/com/squareup/picasso3/RequestCreator.java
269	com.squareup.picasso3.RequestCreator	getPlaceholderDrawable()	0	[]		private	true	/home/nima/Developer/nullness-benchmarks/picasso/picasso/src/main/java/com/squareup/picasso3/RequestCreator.java
270	com.squareup.picasso3.RequestCreator	createRequest(long)	0	[false]		private	true	/home/nima/Developer/nullness-benchmarks/picasso/picasso/src/main/java/com/squareup/picasso3/RequestCreator.java
271	com.squareup.picasso3.RequestCreator	performRemoteViewInto(com.squareup.picasso3.Request,com.squareup.picasso3.RemoteViewsAction)	0	[false, false]		private	false	/home/nima/Developer/nullness-benchmarks/picasso/picasso/src/main/java/com/squareup/picasso3/RequestCreator.java
272	com.squareup.picasso3.Callback	onSuccess()	0	[]		public	false	/home/nima/Developer/nullness-benchmarks/picasso/picasso/src/main/java/com/squareup/picasso3/Callback.java
273	com.squareup.picasso3.Callback	onError(java.lang.Throwable)	0	[false]		public	false	/home/nima/Developer/nullness-benchmarks/picasso/picasso/src/main/java/com/squareup/picasso3/Callback.java
274	com.squareup.picasso3.Callback$EmptyCallback	onSuccess()	272	[]	java.lang.Override	public	false	/home/nima/Developer/nullness-benchmarks/picasso/picasso/src/main/java/com/squareup/picasso3/Callback.java
275	com.squareup.picasso3.Callback$EmptyCallback	onError(java.lang.Throwable)	273	[false]	java.lang.Override	public	false	/home/nima/Developer/nullness-benchmarks/picasso/picasso/src/main/java/com/squareup/picasso3/Callback.java
276	com.squareup.picasso3.Request	Request(com.squareup.picasso3.Request.Builder)	0	[false]		package	false	/home/nima/Developer/nullness-benchmarks/picasso/picasso/src/main/java/com/squareup/picasso3/Request.java
277	com.squareup.picasso3.Request	toString()	278	[]	android.support.annotation.NonNull,java.lang.Override	public	true	/home/nima/Developer/nullness-benchmarks/picasso/picasso/src/main/java/com/squareup/picasso3/Request.java
279	com.squareup.picasso3.Request	logId()	0	[]		package	true	/home/nima/Developer/nullness-benchmarks/picasso/picasso/src/main/java/com/squareup/picasso3/Request.java
280	com.squareup.picasso3.Request	plainId()	0	[]		package	true	/home/nima/Developer/nullness-benchmarks/picasso/picasso/src/main/java/com/squareup/picasso3/Request.java
281	com.squareup.picasso3.Request	getName()	0	[]		package	true	/home/nima/Developer/nullness-benchmarks/picasso/picasso/src/main/java/com/squareup/picasso3/Request.java
282	com.squareup.picasso3.Request	hasSize()	0	[]		public	false	/home/nima/Developer/nullness-benchmarks/picasso/picasso/src/main/java/com/squareup/picasso3/Request.java
283	com.squareup.picasso3.Request	needsMatrixTransform()	0	[]		package	false	/home/nima/Developer/nullness-benchmarks/picasso/picasso/src/main/java/com/squareup/picasso3/Request.java
284	com.squareup.picasso3.Request	newBuilder()	0	[]	android.support.annotation.NonNull	public	true	/home/nima/Developer/nullness-benchmarks/picasso/picasso/src/main/java/com/squareup/picasso3/Request.java
285	com.squareup.picasso3.Request	createKey()	0	[]		private	true	/home/nima/Developer/nullness-benchmarks/picasso/picasso/src/main/java/com/squareup/picasso3/Request.java
286	com.squareup.picasso3.Request	createKey(java.lang.StringBuilder)	0	[false]		private	true	/home/nima/Developer/nullness-benchmarks/picasso/picasso/src/main/java/com/squareup/picasso3/Request.java
287	com.squareup.picasso3.Request$Builder	Builder(android.net.Uri)	0	[false]		public	false	/home/nima/Developer/nullness-benchmarks/picasso/picasso/src/main/java/com/squareup/picasso3/Request.java
288	com.squareup.picasso3.Request$Builder	Builder(int)	0	[false]		public	false	/home/nima/Developer/nullness-benchmarks/picasso/picasso/src/main/java/com/squareup/picasso3/Request.java
289	com.squareup.picasso3.Request$Builder	Builder(android.net.Uri,int,android.graphics.Bitmap.Config)	0	[true, false, true]		package	false	/home/nima/Developer/nullness-benchmarks/picasso/picasso/src/main/java/com/squareup/picasso3/Request.java
290	com.squareup.picasso3.Request$Builder	Builder(com.squareup.picasso3.Request)	0	[false]		package	false	/home/nima/Developer/nullness-benchmarks/picasso/picasso/src/main/java/com/squareup/picasso3/Request.java
291	com.squareup.picasso3.Request$Builder	hasImage()	0	[]		package	false	/home/nima/Developer/nullness-benchmarks/picasso/picasso/src/main/java/com/squareup/picasso3/Request.java
292	com.squareup.picasso3.Request$Builder	hasSize()	0	[]		package	false	/home/nima/Developer/nullness-benchmarks/picasso/picasso/src/main/java/com/squareup/picasso3/Request.java
293	com.squareup.picasso3.Request$Builder	hasPriority()	0	[]		package	false	/home/nima/Developer/nullness-benchmarks/picasso/picasso/src/main/java/com/squareup/picasso3/Request.java
294	com.squareup.picasso3.Request$Builder	setUri(android.net.Uri)	0	[false]	android.support.annotation.NonNull	public	true	/home/nima/Developer/nullness-benchmarks/picasso/picasso/src/main/java/com/squareup/picasso3/Request.java
295	com.squareup.picasso3.Request$Builder	setResourceId(int)	0	[false]	android.support.annotation.NonNull	public	true	/home/nima/Developer/nullness-benchmarks/picasso/picasso/src/main/java/com/squareup/picasso3/Request.java
296	com.squareup.picasso3.Request$Builder	stableKey(java.lang.String)	0	[true]	android.support.annotation.NonNull	public	true	/home/nima/Developer/nullness-benchmarks/picasso/picasso/src/main/java/com/squareup/picasso3/Request.java
297	com.squareup.picasso3.Request$Builder	tag(java.lang.Object)	0	[false]	android.support.annotation.NonNull	public	true	/home/nima/Developer/nullness-benchmarks/picasso/picasso/src/main/java/com/squareup/picasso3/Request.java
298	com.squareup.picasso3.Request$Builder	clearTag()	0	[]		package	true	/home/nima/Developer/nullness-benchmarks/picasso/picasso/src/main/java/com/squareup/picasso3/Request.java
299	com.squareup.picasso3.Request$Builder	getTag()	0	[]		package	true	/home/nima/Developer/nullness-benchmarks/picasso/picasso/src/main/java/com/squareup/picasso3/Request.java
300	com.squareup.picasso3.Request$Builder	resize(int,int)	0	[false, false]	android.support.annotation.NonNull	public	true	/home/nima/Developer/nullness-benchmarks/picasso/picasso/src/main/java/com/squareup/picasso3/Request.java
301	com.squareup.picasso3.Request$Builder	clearResize()	0	[]	android.support.annotation.NonNull	public	true	/home/nima/Developer/nullness-benchmarks/picasso/picasso/src/main/java/com/squareup/picasso3/Request.java
302	com.squareup.picasso3.Request$Builder	centerCrop()	0	[]	android.support.annotation.NonNull	public	true	/home/nima/Developer/nullness-benchmarks/picasso/picasso/src/main/java/com/squareup/picasso3/Request.java
303	com.squareup.picasso3.Request$Builder	centerCrop(int)	0	[false]	android.support.annotation.NonNull	public	true	/home/nima/Developer/nullness-benchmarks/picasso/picasso/src/main/java/com/squareup/picasso3/Request.java
304	com.squareup.picasso3.Request$Builder	clearCenterCrop()	0	[]	android.support.annotation.NonNull	public	true	/home/nima/Developer/nullness-benchmarks/picasso/picasso/src/main/java/com/squareup/picasso3/Request.java
305	com.squareup.picasso3.Request$Builder	centerInside()	0	[]	android.support.annotation.NonNull	public	true	/home/nima/Developer/nullness-benchmarks/picasso/picasso/src/main/java/com/squareup/picasso3/Request.java
306	com.squareup.picasso3.Request$Builder	clearCenterInside()	0	[]	android.support.annotation.NonNull	public	true	/home/nima/Developer/nullness-benchmarks/picasso/picasso/src/main/java/com/squareup/picasso3/Request.java
307	com.squareup.picasso3.Request$Builder	onlyScaleDown()	0	[]	android.support.annotation.NonNull	public	true	/home/nima/Developer/nullness-benchmarks/picasso/picasso/src/main/java/com/squareup/picasso3/Request.java
308	com.squareup.picasso3.Request$Builder	clearOnlyScaleDown()	0	[]	android.support.annotation.NonNull	public	true	/home/nima/Developer/nullness-benchmarks/picasso/picasso/src/main/java/com/squareup/picasso3/Request.java
309	com.squareup.picasso3.Request$Builder	rotate(float)	0	[false]	android.support.annotation.NonNull	public	true	/home/nima/Developer/nullness-benchmarks/picasso/picasso/src/main/java/com/squareup/picasso3/Request.java
310	com.squareup.picasso3.Request$Builder	rotate(float,float,float)	0	[false, false, false]	android.support.annotation.NonNull	public	true	/home/nima/Developer/nullness-benchmarks/picasso/picasso/src/main/java/com/squareup/picasso3/Request.java
311	com.squareup.picasso3.Request$Builder	clearRotation()	0	[]	android.support.annotation.NonNull	public	true	/home/nima/Developer/nullness-benchmarks/picasso/picasso/src/main/java/com/squareup/picasso3/Request.java
312	com.squareup.picasso3.Request$Builder	purgeable()	0	[]	android.support.annotation.NonNull	public	true	/home/nima/Developer/nullness-benchmarks/picasso/picasso/src/main/java/com/squareup/picasso3/Request.java
313	com.squareup.picasso3.Request$Builder	config(android.graphics.Bitmap.Config)	0	[false]	android.support.annotation.NonNull	public	true	/home/nima/Developer/nullness-benchmarks/picasso/picasso/src/main/java/com/squareup/picasso3/Request.java
314	com.squareup.picasso3.Request$Builder	priority(com.squareup.picasso3.Picasso.Priority)	0	[false]	android.support.annotation.NonNull	public	true	/home/nima/Developer/nullness-benchmarks/picasso/picasso/src/main/java/com/squareup/picasso3/Request.java
315	com.squareup.picasso3.Request$Builder	transform(com.squareup.picasso3.Transformation)	0	[false]	android.support.annotation.NonNull	public	true	/home/nima/Developer/nullness-benchmarks/picasso/picasso/src/main/java/com/squareup/picasso3/Request.java
316	com.squareup.picasso3.Request$Builder	transform(java.util.List)	0	[false]	android.support.annotation.NonNull	public	true	/home/nima/Developer/nullness-benchmarks/picasso/picasso/src/main/java/com/squareup/picasso3/Request.java
317	com.squareup.picasso3.Request$Builder	memoryPolicy(com.squareup.picasso3.MemoryPolicy,com.squareup.picasso3.MemoryPolicy[])	0	[false, false]	android.support.annotation.NonNull	public	true	/home/nima/Developer/nullness-benchmarks/picasso/picasso/src/main/java/com/squareup/picasso3/Request.java
318	com.squareup.picasso3.Request$Builder	networkPolicy(com.squareup.picasso3.NetworkPolicy,com.squareup.picasso3.NetworkPolicy[])	0	[false, false]	android.support.annotation.NonNull	public	true	/home/nima/Developer/nullness-benchmarks/picasso/picasso/src/main/java/com/squareup/picasso3/Request.java
319	com.squareup.picasso3.Request$Builder	build()	0	[]	android.support.annotation.NonNull	public	true	/home/nima/Developer/nullness-benchmarks/picasso/picasso/src/main/java/com/squareup/picasso3/Request.java
320	com.squareup.picasso3.Transformation	transform(com.squareup.picasso3.RequestHandler.Result)	0	[false]	android.support.annotation.NonNull	public	true	/home/nima/Developer/nullness-benchmarks/picasso/picasso/src/main/java/com/squareup/picasso3/Transformation.java
321	com.squareup.picasso3.Transformation	key()	0	[]	android.support.annotation.NonNull	public	true	/home/nima/Developer/nullness-benchmarks/picasso/picasso/src/main/java/com/squareup/picasso3/Transformation.java
322	com.squareup.picasso3.NetworkPolicy	shouldReadFromDiskCache(int)	0	[false]		public	false	/home/nima/Developer/nullness-benchmarks/picasso/picasso/src/main/java/com/squareup/picasso3/NetworkPolicy.java
323	com.squareup.picasso3.NetworkPolicy	shouldWriteToDiskCache(int)	0	[false]		public	false	/home/nima/Developer/nullness-benchmarks/picasso/picasso/src/main/java/com/squareup/picasso3/NetworkPolicy.java
324	com.squareup.picasso3.NetworkPolicy	isOfflineOnly(int)	0	[false]		public	false	/home/nima/Developer/nullness-benchmarks/picasso/picasso/src/main/java/com/squareup/picasso3/NetworkPolicy.java
325	com.squareup.picasso3.NetworkPolicy	NetworkPolicy(int)	0	[false]		private	false	/home/nima/Developer/nullness-benchmarks/picasso/picasso/src/main/java/com/squareup/picasso3/NetworkPolicy.java
326	com.squareup.picasso3.BitmapTarget	onBitmapLoaded(android.graphics.Bitmap,com.squareup.picasso3.Picasso.LoadedFrom)	0	[false, false]		public	false	/home/nima/Developer/nullness-benchmarks/picasso/picasso/src/main/java/com/squareup/picasso3/BitmapTarget.java
327	com.squareup.picasso3.BitmapTarget	onBitmapFailed(java.lang.Exception,android.graphics.drawable.Drawable)	0	[false, true]		public	false	/home/nima/Developer/nullness-benchmarks/picasso/picasso/src/main/java/com/squareup/picasso3/BitmapTarget.java
328	com.squareup.picasso3.BitmapTarget	onPrepareLoad(android.graphics.drawable.Drawable)	0	[true]		public	false	/home/nima/Developer/nullness-benchmarks/picasso/picasso/src/main/java/com/squareup/picasso3/BitmapTarget.java
329	com.squareup.picasso3.Target	Target(T)	0	[false]		package	false	/home/nima/Developer/nullness-benchmarks/picasso/picasso/src/main/java/com/squareup/picasso3/Target.java
330	com.squareup.picasso3.Target	Target(T,int)	0	[false, false]		package	false	/home/nima/Developer/nullness-benchmarks/picasso/picasso/src/main/java/com/squareup/picasso3/Target.java
331	com.squareup.picasso3.Target	Target(T,android.graphics.drawable.Drawable)	0	[false, false]		package	false	/home/nima/Developer/nullness-benchmarks/picasso/picasso/src/main/java/com/squareup/picasso3/Target.java
332	com.squareup.picasso3.Target	Target(T,int,android.graphics.drawable.Drawable,boolean)	0	[false, false, false, false]		package	false	/home/nima/Developer/nullness-benchmarks/picasso/picasso/src/main/java/com/squareup/picasso3/Target.java
333	com.squareup.picasso3.PlatformLruCache	PlatformLruCache(int)	0	[false]		package	false	/home/nima/Developer/nullness-benchmarks/picasso/picasso/src/main/java/com/squareup/picasso3/PlatformLruCache.java
334	com.squareup.picasso3.PlatformLruCache$1	sizeOf(java.lang.String,com.squareup.picasso3.PlatformLruCache.BitmapAndSize)	335	[false, false]	java.lang.Override	protected	false	/home/nima/Developer/nullness-benchmarks/picasso/picasso/src/main/java/com/squareup/picasso3/PlatformLruCache.java
336	com.squareup.picasso3.PlatformLruCache	get(java.lang.String)	0	[false]	android.support.annotation.Nullable	public	true	/home/nima/Developer/nullness-benchmarks/picasso/picasso/src/main/java/com/squareup/picasso3/PlatformLruCache.java
337	com.squareup.picasso3.PlatformLruCache	set(java.lang.String,android.graphics.Bitmap)	0	[false, false]		package	false	/home/nima/Developer/nullness-benchmarks/picasso/picasso/src/main/java/com/squareup/picasso3/PlatformLruCache.java
338	com.squareup.picasso3.PlatformLruCache	size()	0	[]		package	false	/home/nima/Developer/nullness-benchmarks/picasso/picasso/src/main/java/com/squareup/picasso3/PlatformLruCache.java
339	com.squareup.picasso3.PlatformLruCache	maxSize()	0	[]		package	false	/home/nima/Developer/nullness-benchmarks/picasso/picasso/src/main/java/com/squareup/picasso3/PlatformLruCache.java
340	com.squareup.picasso3.PlatformLruCache	clear()	0	[]		package	false	/home/nima/Developer/nullness-benchmarks/picasso/picasso/src/main/java/com/squareup/picasso3/PlatformLruCache.java
341	com.squareup.picasso3.PlatformLruCache	clearKeyUri(java.lang.String)	0	[false]		package	false	/home/nima/Developer/nullness-benchmarks/picasso/picasso/src/main/java/com/squareup/picasso3/PlatformLruCache.java
342	com.squareup.picasso3.PlatformLruCache	hitCount()	0	[]		package	false	/home/nima/Developer/nullness-benchmarks/picasso/picasso/src/main/java/com/squareup/picasso3/PlatformLruCache.java
343	com.squareup.picasso3.PlatformLruCache	missCount()	0	[]		package	false	/home/nima/Developer/nullness-benchmarks/picasso/picasso/src/main/java/com/squareup/picasso3/PlatformLruCache.java
344	com.squareup.picasso3.PlatformLruCache	putCount()	0	[]		package	false	/home/nima/Developer/nullness-benchmarks/picasso/picasso/src/main/java/com/squareup/picasso3/PlatformLruCache.java
345	com.squareup.picasso3.PlatformLruCache	evictionCount()	0	[]		package	false	/home/nima/Developer/nullness-benchmarks/picasso/picasso/src/main/java/com/squareup/picasso3/PlatformLruCache.java
346	com.squareup.picasso3.PlatformLruCache$BitmapAndSize	BitmapAndSize(android.graphics.Bitmap,int)	0	[false, false]		package	false	/home/nima/Developer/nullness-benchmarks/picasso/picasso/src/main/java/com/squareup/picasso3/PlatformLruCache.java
347	com.squareup.picasso3.Stats	Stats(com.squareup.picasso3.PlatformLruCache)	0	[false]		package	false	/home/nima/Developer/nullness-benchmarks/picasso/picasso/src/main/java/com/squareup/picasso3/Stats.java
348	com.squareup.picasso3.Stats	dispatchBitmapDecoded(android.graphics.Bitmap)	0	[false]		package	false	/home/nima/Developer/nullness-benchmarks/picasso/picasso/src/main/java/com/squareup/picasso3/Stats.java
349	com.squareup.picasso3.Stats	dispatchBitmapTransformed(android.graphics.Bitmap)	0	[false]		package	false	/home/nima/Developer/nullness-benchmarks/picasso/picasso/src/main/java/com/squareup/picasso3/Stats.java
350	com.squareup.picasso3.Stats	dispatchDownloadFinished(long)	0	[false]		package	false	/home/nima/Developer/nullness-benchmarks/picasso/picasso/src/main/java/com/squareup/picasso3/Stats.java
351	com.squareup.picasso3.Stats	dispatchCacheHit()	0	[]		package	false	/home/nima/Developer/nullness-benchmarks/picasso/picasso/src/main/java/com/squareup/picasso3/Stats.java
352	com.squareup.picasso3.Stats	dispatchCacheMiss()	0	[]		package	false	/home/nima/Developer/nullness-benchmarks/picasso/picasso/src/main/java/com/squareup/picasso3/Stats.java
353	com.squareup.picasso3.Stats	shutdown()	0	[]		package	false	/home/nima/Developer/nullness-benchmarks/picasso/picasso/src/main/java/com/squareup/picasso3/Stats.java
354	com.squareup.picasso3.Stats	performCacheHit()	0	[]		package	false	/home/nima/Developer/nullness-benchmarks/picasso/picasso/src/main/java/com/squareup/picasso3/Stats.java
355	com.squareup.picasso3.Stats	performCacheMiss()	0	[]		package	false	/home/nima/Developer/nullness-benchmarks/picasso/picasso/src/main/java/com/squareup/picasso3/Stats.java
356	com.squareup.picasso3.Stats	performDownloadFinished(java.lang.Long)	0	[false]		package	false	/home/nima/Developer/nullness-benchmarks/picasso/picasso/src/main/java/com/squareup/picasso3/Stats.java
357	com.squareup.picasso3.Stats	performBitmapDecoded(long)	0	[false]		package	false	/home/nima/Developer/nullness-benchmarks/picasso/picasso/src/main/java/com/squareup/picasso3/Stats.java
358	com.squareup.picasso3.Stats	performBitmapTransformed(long)	0	[false]		package	false	/home/nima/Developer/nullness-benchmarks/picasso/picasso/src/main/java/com/squareup/picasso3/Stats.java
359	com.squareup.picasso3.Stats	createSnapshot()	0	[]		package	true	/home/nima/Developer/nullness-benchmarks/picasso/picasso/src/main/java/com/squareup/picasso3/Stats.java
360	com.squareup.picasso3.Stats	processBitmap(android.graphics.Bitmap,int)	0	[false, false]		private	false	/home/nima/Developer/nullness-benchmarks/picasso/picasso/src/main/java/com/squareup/picasso3/Stats.java
361	com.squareup.picasso3.Stats	getAverage(int,long)	0	[false, false]		private	false	/home/nima/Developer/nullness-benchmarks/picasso/picasso/src/main/java/com/squareup/picasso3/Stats.java
362	com.squareup.picasso3.Stats$StatsHandler	StatsHandler(android.os.Looper,com.squareup.picasso3.Stats)	0	[false, false]		package	false	/home/nima/Developer/nullness-benchmarks/picasso/picasso/src/main/java/com/squareup/picasso3/Stats.java
363	com.squareup.picasso3.Stats$StatsHandler	handleMessage(android.os.Message)	71	[false]	java.lang.Override	public	false	/home/nima/Developer/nullness-benchmarks/picasso/picasso/src/main/java/com/squareup/picasso3/Stats.java
364	com.squareup.picasso3.Stats$StatsHandler$1	run()	44	[]	java.lang.Override	public	false	/home/nima/Developer/nullness-benchmarks/picasso/picasso/src/main/java/com/squareup/picasso3/Stats.java
365	com.squareup.picasso3.StatsSnapshot	StatsSnapshot(int,int,long,long,long,long,long,long,long,long,int,int,int,long)	0	[false, false, false, false, false, false, false, false, false, false, false, false, false, false]		package	false	/home/nima/Developer/nullness-benchmarks/picasso/picasso/src/main/java/com/squareup/picasso3/StatsSnapshot.java
366	com.squareup.picasso3.StatsSnapshot	dump()	0	[]	java.lang.SuppressWarnings	public	false	/home/nima/Developer/nullness-benchmarks/picasso/picasso/src/main/java/com/squareup/picasso3/StatsSnapshot.java
367	com.squareup.picasso3.StatsSnapshot	dump(okio.BufferedSink)	0	[false]		public	false	/home/nima/Developer/nullness-benchmarks/picasso/picasso/src/main/java/com/squareup/picasso3/StatsSnapshot.java
368	com.squareup.picasso3.StatsSnapshot	toString()	278	[]	android.support.annotation.Nullable,java.lang.Override	public	true	/home/nima/Developer/nullness-benchmarks/picasso/picasso/src/main/java/com/squareup/picasso3/StatsSnapshot.java
369	com.squareup.picasso3.PicassoExecutorService	PicassoExecutorService()	0	[]		package	false	/home/nima/Developer/nullness-benchmarks/picasso/picasso/src/main/java/com/squareup/picasso3/PicassoExecutorService.java
370	com.squareup.picasso3.PicassoExecutorService	submit(java.lang.Runnable)	371	[false]	java.lang.Override	public	true	/home/nima/Developer/nullness-benchmarks/picasso/picasso/src/main/java/com/squareup/picasso3/PicassoExecutorService.java
372	com.squareup.picasso3.PicassoExecutorService$PicassoFutureTask	PicassoFutureTask(com.squareup.picasso3.BitmapHunter)	0	[false]		package	false	/home/nima/Developer/nullness-benchmarks/picasso/picasso/src/main/java/com/squareup/picasso3/PicassoExecutorService.java
373	com.squareup.picasso3.PicassoExecutorService$PicassoFutureTask	compareTo(com.squareup.picasso3.PicassoExecutorService.PicassoFutureTask)	374	[false]	java.lang.Override	public	false	/home/nima/Developer/nullness-benchmarks/picasso/picasso/src/main/java/com/squareup/picasso3/PicassoExecutorService.java
375	com.squareup.picasso3.FetchAction	FetchAction(com.squareup.picasso3.Picasso,com.squareup.picasso3.Request,com.squareup.picasso3.Callback)	0	[false, false, false]		package	false	/home/nima/Developer/nullness-benchmarks/picasso/picasso/src/main/java/com/squareup/picasso3/FetchAction.java
376	com.squareup.picasso3.FetchAction	complete(com.squareup.picasso3.RequestHandler.Result)	12	[false]	java.lang.Override	package	false	/home/nima/Developer/nullness-benchmarks/picasso/picasso/src/main/java/com/squareup/picasso3/FetchAction.java
377	com.squareup.picasso3.FetchAction	error(java.lang.Exception)	16	[false]	java.lang.Override	package	false	/home/nima/Developer/nullness-benchmarks/picasso/picasso/src/main/java/com/squareup/picasso3/FetchAction.java
378	com.squareup.picasso3.FetchAction	cancel()	14	[]	java.lang.Override	package	false	/home/nima/Developer/nullness-benchmarks/picasso/picasso/src/main/java/com/squareup/picasso3/FetchAction.java
379	com.squareup.picasso3.FetchAction	getTarget()	18	[]	java.lang.Override	package	true	/home/nima/Developer/nullness-benchmarks/picasso/picasso/src/main/java/com/squareup/picasso3/FetchAction.java
380	com.squareup.picasso3.BitmapTargetAction	BitmapTargetAction(com.squareup.picasso3.Picasso,com.squareup.picasso3.Target,com.squareup.picasso3.Request)	0	[false, false, false]		package	false	/home/nima/Developer/nullness-benchmarks/picasso/picasso/src/main/java/com/squareup/picasso3/BitmapTargetAction.java
381	com.squareup.picasso3.BitmapTargetAction	complete(com.squareup.picasso3.RequestHandler.Result)	12	[false]	java.lang.Override	package	false	/home/nima/Developer/nullness-benchmarks/picasso/picasso/src/main/java/com/squareup/picasso3/BitmapTargetAction.java
382	com.squareup.picasso3.BitmapTargetAction	error(java.lang.Exception)	16	[false]	java.lang.Override	package	false	/home/nima/Developer/nullness-benchmarks/picasso/picasso/src/main/java/com/squareup/picasso3/BitmapTargetAction.java
383	com.squareup.picasso3.DrawableLoader	load(int)	0	[false]	android.support.annotation.Nullable	public	true	/home/nima/Developer/nullness-benchmarks/picasso/picasso/src/main/java/com/squareup/picasso3/DrawableLoader.java
384	com.squareup.picasso3.ContactsPhotoRequestHandler	ContactsPhotoRequestHandler(android.content.Context)	0	[false]		package	false	/home/nima/Developer/nullness-benchmarks/picasso/picasso/src/main/java/com/squareup/picasso3/ContactsPhotoRequestHandler.java
385	com.squareup.picasso3.ContactsPhotoRequestHandler	canHandleRequest(com.squareup.picasso3.Request)	163	[false]	java.lang.Override	public	false	/home/nima/Developer/nullness-benchmarks/picasso/picasso/src/main/java/com/squareup/picasso3/ContactsPhotoRequestHandler.java
386	com.squareup.picasso3.ContactsPhotoRequestHandler	load(com.squareup.picasso3.Picasso,com.squareup.picasso3.Request,com.squareup.picasso3.RequestHandler.Callback)	164	[false, false, false]	java.lang.Override	public	false	/home/nima/Developer/nullness-benchmarks/picasso/picasso/src/main/java/com/squareup/picasso3/ContactsPhotoRequestHandler.java
387	com.squareup.picasso3.ContactsPhotoRequestHandler	getSource(com.squareup.picasso3.Request)	0	[false]		private	true	/home/nima/Developer/nullness-benchmarks/picasso/picasso/src/main/java/com/squareup/picasso3/ContactsPhotoRequestHandler.java
388	com.squareup.picasso3.AssetRequestHandler	AssetRequestHandler(android.content.Context)	0	[false]		package	false	/home/nima/Developer/nullness-benchmarks/picasso/picasso/src/main/java/com/squareup/picasso3/AssetRequestHandler.java
389	com.squareup.picasso3.AssetRequestHandler	canHandleRequest(com.squareup.picasso3.Request)	163	[false]	java.lang.Override	public	false	/home/nima/Developer/nullness-benchmarks/picasso/picasso/src/main/java/com/squareup/picasso3/AssetRequestHandler.java
390	com.squareup.picasso3.AssetRequestHandler	load(com.squareup.picasso3.Picasso,com.squareup.picasso3.Request,com.squareup.picasso3.RequestHandler.Callback)	164	[false, false, false]	java.lang.Override	public	false	/home/nima/Developer/nullness-benchmarks/picasso/picasso/src/main/java/com/squareup/picasso3/AssetRequestHandler.java
391	com.squareup.picasso3.AssetRequestHandler	getFilePath(com.squareup.picasso3.Request)	0	[false]		package	true	/home/nima/Developer/nullness-benchmarks/picasso/picasso/src/main/java/com/squareup/picasso3/AssetRequestHandler.java
392	com.squareup.picasso3.SourceBufferingInputStream	SourceBufferingInputStream(okio.BufferedSource)	0	[false]		package	false	/home/nima/Developer/nullness-benchmarks/picasso/picasso/src/main/java/com/squareup/picasso3/SourceBufferingInputStream.java
393	com.squareup.picasso3.SourceBufferingInputStream	copyTo(byte[],int,int)	0	[false, false, false]		private	false	/home/nima/Developer/nullness-benchmarks/picasso/picasso/src/main/java/com/squareup/picasso3/SourceBufferingInputStream.java
394	com.squareup.picasso3.SourceBufferingInputStream	read()	395	[]	java.lang.Override	public	false	/home/nima/Developer/nullness-benchmarks/picasso/picasso/src/main/java/com/squareup/picasso3/SourceBufferingInputStream.java
396	com.squareup.picasso3.SourceBufferingInputStream	read(byte[],int,int)	397	[false, false, false]	java.lang.Override	public	false	/home/nima/Developer/nullness-benchmarks/picasso/picasso/src/main/java/com/squareup/picasso3/SourceBufferingInputStream.java
398	com.squareup.picasso3.SourceBufferingInputStream	skip(long)	399	[false]	java.lang.Override	public	false	/home/nima/Developer/nullness-benchmarks/picasso/picasso/src/main/java/com/squareup/picasso3/SourceBufferingInputStream.java
400	com.squareup.picasso3.SourceBufferingInputStream	markSupported()	401	[]	java.lang.Override	public	false	/home/nima/Developer/nullness-benchmarks/picasso/picasso/src/main/java/com/squareup/picasso3/SourceBufferingInputStream.java
402	com.squareup.picasso3.SourceBufferingInputStream	mark(int)	403	[false]	java.lang.Override	public	false	/home/nima/Developer/nullness-benchmarks/picasso/picasso/src/main/java/com/squareup/picasso3/SourceBufferingInputStream.java
404	com.squareup.picasso3.SourceBufferingInputStream	reset()	405	[]	java.lang.Override	public	false	/home/nima/Developer/nullness-benchmarks/picasso/picasso/src/main/java/com/squareup/picasso3/SourceBufferingInputStream.java
406	com.squareup.picasso3.SourceBufferingInputStream	available()	407	[]	java.lang.Override	public	false	/home/nima/Developer/nullness-benchmarks/picasso/picasso/src/main/java/com/squareup/picasso3/SourceBufferingInputStream.java
408	com.squareup.picasso3.SourceBufferingInputStream	close()	409	[]	java.lang.Override	public	false	/home/nima/Developer/nullness-benchmarks/picasso/picasso/src/main/java/com/squareup/picasso3/SourceBufferingInputStream.java
410	com.squareup.picasso3.ImageViewAction	ImageViewAction(com.squareup.picasso3.Picasso,com.squareup.picasso3.Target,com.squareup.picasso3.Request,com.squareup.picasso3.Callback)	0	[false, false, false, false]		package	false	/home/nima/Developer/nullness-benchmarks/picasso/picasso/src/main/java/com/squareup/picasso3/ImageViewAction.java
411	com.squareup.picasso3.ImageViewAction	complete(com.squareup.picasso3.RequestHandler.Result)	12	[false]	java.lang.Override	public	false	/home/nima/Developer/nullness-benchmarks/picasso/picasso/src/main/java/com/squareup/picasso3/ImageViewAction.java
412	com.squareup.picasso3.ImageViewAction	error(java.lang.Exception)	16	[false]	java.lang.Override	public	false	/home/nima/Developer/nullness-benchmarks/picasso/picasso/src/main/java/com/squareup/picasso3/ImageViewAction.java
413	com.squareup.picasso3.ImageViewAction	cancel()	14	[]	java.lang.Override	package	false	/home/nima/Developer/nullness-benchmarks/picasso/picasso/src/main/java/com/squareup/picasso3/ImageViewAction.java
414	com.squareup.picasso3.FileRequestHandler	FileRequestHandler(android.content.Context)	0	[false]		package	false	/home/nima/Developer/nullness-benchmarks/picasso/picasso/src/main/java/com/squareup/picasso3/FileRequestHandler.java
415	com.squareup.picasso3.FileRequestHandler	canHandleRequest(com.squareup.picasso3.Request)	416	[false]	java.lang.Override	public	false	/home/nima/Developer/nullness-benchmarks/picasso/picasso/src/main/java/com/squareup/picasso3/FileRequestHandler.java
417	com.squareup.picasso3.FileRequestHandler	load(com.squareup.picasso3.Picasso,com.squareup.picasso3.Request,com.squareup.picasso3.RequestHandler.Callback)	418	[false, false, false]	java.lang.Override	public	false	/home/nima/Developer/nullness-benchmarks/picasso/picasso/src/main/java/com/squareup/picasso3/FileRequestHandler.java
419	com.squareup.picasso3.FileRequestHandler	getExifOrientation(com.squareup.picasso3.Request)	420	[false]	java.lang.Override	protected	false	/home/nima/Developer/nullness-benchmarks/picasso/picasso/src/main/java/com/squareup/picasso3/FileRequestHandler.java
421	com.squareup.picasso3.ContentStreamRequestHandler	ContentStreamRequestHandler(android.content.Context)	0	[false]		package	false	/home/nima/Developer/nullness-benchmarks/picasso/picasso/src/main/java/com/squareup/picasso3/ContentStreamRequestHandler.java
416	com.squareup.picasso3.ContentStreamRequestHandler	canHandleRequest(com.squareup.picasso3.Request)	163	[false]	java.lang.Override	public	false	/home/nima/Developer/nullness-benchmarks/picasso/picasso/src/main/java/com/squareup/picasso3/ContentStreamRequestHandler.java
418	com.squareup.picasso3.ContentStreamRequestHandler	load(com.squareup.picasso3.Picasso,com.squareup.picasso3.Request,com.squareup.picasso3.RequestHandler.Callback)	164	[false, false, false]	java.lang.Override	public	false	/home/nima/Developer/nullness-benchmarks/picasso/picasso/src/main/java/com/squareup/picasso3/ContentStreamRequestHandler.java
422	com.squareup.picasso3.ContentStreamRequestHandler	getSource(com.squareup.picasso3.Request)	0	[false]		package	true	/home/nima/Developer/nullness-benchmarks/picasso/picasso/src/main/java/com/squareup/picasso3/ContentStreamRequestHandler.java
420	com.squareup.picasso3.ContentStreamRequestHandler	getExifOrientation(com.squareup.picasso3.Request)	0	[false]		protected	false	/home/nima/Developer/nullness-benchmarks/picasso/picasso/src/main/java/com/squareup/picasso3/ContentStreamRequestHandler.java
423	com.squareup.picasso3.ResourceRequestHandler	ResourceRequestHandler(android.content.Context)	0	[false]		package	false	/home/nima/Developer/nullness-benchmarks/picasso/picasso/src/main/java/com/squareup/picasso3/ResourceRequestHandler.java
424	com.squareup.picasso3.ResourceRequestHandler	canHandleRequest(com.squareup.picasso3.Request)	163	[false]	java.lang.Override	public	false	/home/nima/Developer/nullness-benchmarks/picasso/picasso/src/main/java/com/squareup/picasso3/ResourceRequestHandler.java
425	com.squareup.picasso3.ResourceRequestHandler	load(com.squareup.picasso3.Picasso,com.squareup.picasso3.Request,com.squareup.picasso3.RequestHandler.Callback)	164	[false, false, false]	java.lang.Override	public	false	/home/nima/Developer/nullness-benchmarks/picasso/picasso/src/main/java/com/squareup/picasso3/ResourceRequestHandler.java
426	com.squareup.picasso3.MatrixTransformation	MatrixTransformation(com.squareup.picasso3.Request)	0	[false]		package	false	/home/nima/Developer/nullness-benchmarks/picasso/picasso/src/main/java/com/squareup/picasso3/MatrixTransformation.java
427	com.squareup.picasso3.MatrixTransformation	transform(com.squareup.picasso3.RequestHandler.Result)	320	[false]	android.support.annotation.NonNull,java.lang.Override	public	true	/home/nima/Developer/nullness-benchmarks/picasso/picasso/src/main/java/com/squareup/picasso3/MatrixTransformation.java
428	com.squareup.picasso3.MatrixTransformation	key()	321	[]	android.support.annotation.NonNull,java.lang.Override	public	true	/home/nima/Developer/nullness-benchmarks/picasso/picasso/src/main/java/com/squareup/picasso3/MatrixTransformation.java
429	com.squareup.picasso3.MatrixTransformation	transformResult(com.squareup.picasso3.Request,android.graphics.Bitmap,int)	0	[false, false, false]	android.support.annotation.VisibleForTesting	package	true	/home/nima/Developer/nullness-benchmarks/picasso/picasso/src/main/java/com/squareup/picasso3/MatrixTransformation.java
430	com.squareup.picasso3.MatrixTransformation	shouldResize(boolean,int,int,int,int)	0	[false, false, false, false, false]		private	false	/home/nima/Developer/nullness-benchmarks/picasso/picasso/src/main/java/com/squareup/picasso3/MatrixTransformation.java
431	com.squareup.picasso3.MatrixTransformation	getExifRotation(int)	0	[false]		private	false	/home/nima/Developer/nullness-benchmarks/picasso/picasso/src/main/java/com/squareup/picasso3/MatrixTransformation.java
432	com.squareup.picasso3.MatrixTransformation	getExifTranslation(int)	0	[false]		private	false	/home/nima/Developer/nullness-benchmarks/picasso/picasso/src/main/java/com/squareup/picasso3/MatrixTransformation.java
433	com.squareup.picasso3.NetworkRequestHandler	NetworkRequestHandler(okhttp3.Call.Factory,com.squareup.picasso3.Stats)	0	[false, false]		package	false	/home/nima/Developer/nullness-benchmarks/picasso/picasso/src/main/java/com/squareup/picasso3/NetworkRequestHandler.java
434	com.squareup.picasso3.NetworkRequestHandler	canHandleRequest(com.squareup.picasso3.Request)	163	[false]	java.lang.Override	public	false	/home/nima/Developer/nullness-benchmarks/picasso/picasso/src/main/java/com/squareup/picasso3/NetworkRequestHandler.java
435	com.squareup.picasso3.NetworkRequestHandler	load(com.squareup.picasso3.Picasso,com.squareup.picasso3.Request,com.squareup.picasso3.RequestHandler.Callback)	164	[false, false, false]	java.lang.Override	public	false	/home/nima/Developer/nullness-benchmarks/picasso/picasso/src/main/java/com/squareup/picasso3/NetworkRequestHandler.java
436	com.squareup.picasso3.NetworkRequestHandler$1	onResponse(okhttp3.Call,okhttp3.Response)	437	[false, false]	java.lang.Override	public	false	/home/nima/Developer/nullness-benchmarks/picasso/picasso/src/main/java/com/squareup/picasso3/NetworkRequestHandler.java
438	com.squareup.picasso3.NetworkRequestHandler$1	onFailure(okhttp3.Call,java.io.IOException)	439	[false, false]	java.lang.Override	public	false	/home/nima/Developer/nullness-benchmarks/picasso/picasso/src/main/java/com/squareup/picasso3/NetworkRequestHandler.java
440	com.squareup.picasso3.NetworkRequestHandler	getRetryCount()	165	[]	java.lang.Override	package	false	/home/nima/Developer/nullness-benchmarks/picasso/picasso/src/main/java/com/squareup/picasso3/NetworkRequestHandler.java
441	com.squareup.picasso3.NetworkRequestHandler	shouldRetry(boolean,android.net.NetworkInfo)	166	[false, true]	java.lang.Override	package	false	/home/nima/Developer/nullness-benchmarks/picasso/picasso/src/main/java/com/squareup/picasso3/NetworkRequestHandler.java
442	com.squareup.picasso3.NetworkRequestHandler	supportsReplay()	167	[]	java.lang.Override	package	false	/home/nima/Developer/nullness-benchmarks/picasso/picasso/src/main/java/com/squareup/picasso3/NetworkRequestHandler.java
443	com.squareup.picasso3.NetworkRequestHandler	createRequest(com.squareup.picasso3.Request)	0	[false]		private	true	/home/nima/Developer/nullness-benchmarks/picasso/picasso/src/main/java/com/squareup/picasso3/NetworkRequestHandler.java
444	com.squareup.picasso3.NetworkRequestHandler$ContentLengthException	ContentLengthException(java.lang.String)	0	[false]		package	false	/home/nima/Developer/nullness-benchmarks/picasso/picasso/src/main/java/com/squareup/picasso3/NetworkRequestHandler.java
445	com.squareup.picasso3.NetworkRequestHandler$ResponseException	ResponseException(int,int)	0	[false, false]		package	false	/home/nima/Developer/nullness-benchmarks/picasso/picasso/src/main/java/com/squareup/picasso3/NetworkRequestHandler.java
446	com.squareup.picasso3.ResourceDrawableRequestHandler	ResourceDrawableRequestHandler(android.content.Context,com.squareup.picasso3.DrawableLoader)	0	[false, false]		private	false	/home/nima/Developer/nullness-benchmarks/picasso/picasso/src/main/java/com/squareup/picasso3/ResourceDrawableRequestHandler.java
447	com.squareup.picasso3.ResourceDrawableRequestHandler	canHandleRequest(com.squareup.picasso3.Request)	163	[false]	java.lang.Override	public	false	/home/nima/Developer/nullness-benchmarks/picasso/picasso/src/main/java/com/squareup/picasso3/ResourceDrawableRequestHandler.java
448	com.squareup.picasso3.ResourceDrawableRequestHandler	load(com.squareup.picasso3.Picasso,com.squareup.picasso3.Request,com.squareup.picasso3.RequestHandler.Callback)	164	[false, false, false]	java.lang.Override	public	false	/home/nima/Developer/nullness-benchmarks/picasso/picasso/src/main/java/com/squareup/picasso3/ResourceDrawableRequestHandler.java
449	com.squareup.picasso3.ResourceDrawableRequestHandler	create(android.content.Context,com.squareup.picasso3.DrawableLoader)	0	[false, false]	android.support.annotation.NonNull	public	true	/home/nima/Developer/nullness-benchmarks/picasso/picasso/src/main/java/com/squareup/picasso3/ResourceDrawableRequestHandler.java
450	com.squareup.picasso3.ResourceDrawableRequestHandler	create(android.content.Context)	0	[false]	android.support.annotation.NonNull	public	true	/home/nima/Developer/nullness-benchmarks/picasso/picasso/src/main/java/com/squareup/picasso3/ResourceDrawableRequestHandler.java
451	com.squareup.picasso3.ResourceDrawableRequestHandler$1	load(int)	383	[false]	java.lang.Override	public	true	/home/nima/Developer/nullness-benchmarks/picasso/picasso/src/main/java/com/squareup/picasso3/ResourceDrawableRequestHandler.java
452	com.squareup.picasso3.GetAction	GetAction(com.squareup.picasso3.Picasso,com.squareup.picasso3.Request)	0	[false, false]		package	false	/home/nima/Developer/nullness-benchmarks/picasso/picasso/src/main/java/com/squareup/picasso3/GetAction.java
453	com.squareup.picasso3.GetAction	complete(com.squareup.picasso3.RequestHandler.Result)	12	[false]	java.lang.Override	package	false	/home/nima/Developer/nullness-benchmarks/picasso/picasso/src/main/java/com/squareup/picasso3/GetAction.java
454	com.squareup.picasso3.GetAction	error(java.lang.Exception)	16	[false]	java.lang.Override	public	false	/home/nima/Developer/nullness-benchmarks/picasso/picasso/src/main/java/com/squareup/picasso3/GetAction.java
455	com.squareup.picasso3.MediaStoreRequestHandler	MediaStoreRequestHandler(android.content.Context)	0	[false]		package	false	/home/nima/Developer/nullness-benchmarks/picasso/picasso/src/main/java/com/squareup/picasso3/MediaStoreRequestHandler.java
456	com.squareup.picasso3.MediaStoreRequestHandler	canHandleRequest(com.squareup.picasso3.Request)	416	[false]	java.lang.Override	public	false	/home/nima/Developer/nullness-benchmarks/picasso/picasso/src/main/java/com/squareup/picasso3/MediaStoreRequestHandler.java
457	com.squareup.picasso3.MediaStoreRequestHandler	load(com.squareup.picasso3.Picasso,com.squareup.picasso3.Request,com.squareup.picasso3.RequestHandler.Callback)	418	[false, false, false]	java.lang.Override	public	false	/home/nima/Developer/nullness-benchmarks/picasso/picasso/src/main/java/com/squareup/picasso3/MediaStoreRequestHandler.java
458	com.squareup.picasso3.MediaStoreRequestHandler	getPicassoKind(int,int)	0	[false, false]		package	true	/home/nima/Developer/nullness-benchmarks/picasso/picasso/src/main/java/com/squareup/picasso3/MediaStoreRequestHandler.java
459	com.squareup.picasso3.MediaStoreRequestHandler	getExifOrientation(com.squareup.picasso3.Request)	420	[false]	java.lang.Override	protected	false	/home/nima/Developer/nullness-benchmarks/picasso/picasso/src/main/java/com/squareup/picasso3/MediaStoreRequestHandler.java
460	com.squareup.picasso3.MediaStoreRequestHandler$PicassoKind	PicassoKind(int,int,int)	0	[false, false, false]		private	false	/home/nima/Developer/nullness-benchmarks/picasso/picasso/src/main/java/com/squareup/picasso3/MediaStoreRequestHandler.java
